project_type,budget_rs,duration_days,team_size,scope_changes,client_type,technology_stack,developer_experience_avg,agile_practice,client_rating,past_delays,risk_level
ERP,4348693,49,3,2,Foreign,Laravel,4.7,No,5,0,Medium
API-only,4537776,311,4,2,Local,Angular,3.4,No,3,1,Medium
Web,2504168,314,2,7,Foreign,Flask,2.2,Yes,4,2,Medium
ERP,4510912,30,7,2,Local,Django,5.7,Yes,1,0,Medium
ERP,2679996,148,12,2,Foreign,Spring,2.4,Yes,4,0,Medium
API-only,2100396,64,12,3,Foreign,Angular,1.7,Yes,4,1,Low
Web,3811149,227,8,0,Local,React,1.1,Yes,3,0,Medium
Web,622402,274,12,2,Foreign,Laravel,3.6,Yes,5,2,Low
ERP,1666588,88,12,2,Foreign,Spring,3.2,Yes,3,1,Low
Mobile,2996081,354,3,2,Foreign,Django,4.7,Yes,1,2,Medium
ERP,3177618,190,9,1,Foreign,Django,4.2,Yes,3,1,Medium
ERP,1075278,208,7,2,Local,Angular,3.8,No,2,0,Medium
ERP,1678049,235,5,1,Foreign,Django,3.2,Yes,4,1,Medium
ERP,3580201,41,6,2,Local,Django,4.8,No,5,0,Medium
API-only,4062737,305,9,2,Local,Laravel,5.7,No,1,0,Medium
Web,3964442,210,4,5,Local,Laravel,4.7,No,4,1,Medium
API-only,1774732,271,4,2,Local,Laravel,2.9,No,3,1,Medium
API-only,3814692,245,12,2,Foreign,React,4.4,No,2,0,Medium
API-only,4693398,280,5,1,Foreign,Django,3.0,No,3,3,Medium
ERP,1610389,328,2,1,Local,Django,2.2,No,4,0,Medium
Mobile,527712,155,10,0,Foreign,Django,2.4,No,1,2,Medium
Web,4571647,246,9,0,Local,Flask,3.1,Yes,5,1,Low
Mobile,4412942,335,9,2,Foreign,Laravel,3.6,No,4,5,Medium
API-only,612816,314,11,4,Foreign,Spring,6.0,No,1,1,Medium
API-only,2135156,214,7,2,Foreign,Angular,2.4,No,4,1,Medium
Mobile,635230,68,8,5,Local,Spring,5.1,No,2,1,Medium
Mobile,2266616,252,7,1,Local,React,3.1,Yes,3,2,Low
Mobile,4963418,213,10,1,Foreign,React,1.1,No,5,1,Medium
API-only,1883194,207,4,2,Local,Django,2.9,Yes,1,1,Medium
API-only,3601360,323,4,0,Local,Spring,4.9,Yes,5,1,Low
Web,2381548,180,4,0,Foreign,Django,3.9,No,5,0,Low
Web,4845760,155,11,4,Local,Flask,4.0,No,5,1,Medium
API-only,3751298,330,4,3,Foreign,React,5.1,Yes,1,1,Medium
Mobile,4965150,337,10,1,Foreign,React,2.3,No,1,1,High
Mobile,500404,263,13,2,Foreign,Spring,2.2,No,5,0,Medium
Web,1823483,37,5,0,Local,React,0.8,Yes,3,0,Low
API-only,2222320,158,14,0,Foreign,Flask,4.6,Yes,4,1,Low
Web,2832517,293,8,1,Foreign,Flask,4.2,No,5,2,Medium
Web,3696340,186,10,2,Local,Flask,4.4,No,2,0,Medium
ERP,663273,34,12,2,Local,Angular,2.1,No,5,0,Medium
ERP,4354418,115,13,1,Local,Flask,1.6,Yes,1,0,Medium
ERP,4152692,204,8,0,Local,Flask,1.9,No,4,0,Medium
Mobile,1587341,319,10,3,Foreign,Angular,2.4,Yes,2,0,Medium
API-only,4477266,222,13,3,Local,Django,5.4,Yes,4,1,Low
API-only,3531756,340,4,3,Local,Laravel,4.7,No,4,1,Medium
API-only,1343523,148,5,5,Local,React,3.0,Yes,2,2,Low
API-only,1046237,247,9,2,Local,Flask,3.9,No,5,0,Low
ERP,4540479,143,7,2,Foreign,React,2.7,No,5,0,Medium
Mobile,592193,174,6,3,Local,Spring,3.9,Yes,5,0,Low
Mobile,3681915,55,14,2,Foreign,React,2.1,No,3,0,Medium
ERP,1686887,165,5,2,Local,Django,4.4,Yes,5,1,Low
Mobile,3508038,332,9,2,Foreign,Angular,2.5,Yes,2,0,Medium
ERP,1008153,261,2,6,Foreign,React,4.5,No,3,2,High
API-only,3834817,105,10,4,Local,React,3.0,No,5,1,Medium
ERP,4082069,357,2,1,Foreign,React,2.6,No,3,0,High
API-only,3215514,331,9,6,Local,Laravel,5.4,No,2,1,Medium
API-only,3158571,318,5,1,Foreign,Laravel,3.7,Yes,5,1,Medium
Web,2179748,30,10,3,Foreign,Spring,3.1,Yes,1,1,Low
ERP,2723069,176,12,1,Foreign,Angular,4.4,Yes,2,1,Medium
Web,3945498,316,6,3,Local,React,1.9,No,4,0,Medium
ERP,981680,171,4,4,Foreign,React,4.8,Yes,4,2,Medium
ERP,3136694,82,10,3,Local,React,3.3,Yes,2,0,Medium
Web,3461293,333,12,3,Foreign,React,4.2,No,4,0,Medium
Web,4600673,98,10,2,Foreign,Laravel,1.6,No,2,1,Medium
ERP,2034026,119,5,4,Foreign,Django,3.0,No,1,2,Medium
Mobile,815826,249,12,4,Foreign,Django,3.5,Yes,2,1,Medium
API-only,3967366,221,5,1,Foreign,Spring,4.7,No,5,1,Medium
Web,827359,92,13,2,Foreign,Flask,4.3,Yes,5,2,Low
API-only,4248603,102,9,2,Local,Angular,3.0,Yes,3,1,Low
Mobile,4701253,190,3,2,Local,Django,3.9,Yes,4,2,Low
Mobile,3360337,198,10,2,Local,React,5.0,Yes,4,0,Low
Mobile,817537,118,14,2,Foreign,Django,3.3,Yes,2,0,Low
Web,1050222,205,7,4,Local,Spring,3.1,No,4,1,Medium
Mobile,3073619,298,10,1,Foreign,Flask,1.2,Yes,5,1,Medium
Web,2953752,102,9,1,Local,Django,3.2,No,1,1,Low
Mobile,1864133,274,8,1,Local,Spring,1.4,Yes,2,0,Medium
API-only,2432247,106,14,2,Foreign,Laravel,3.4,Yes,4,1,Low
API-only,1853038,188,2,1,Foreign,Flask,4.7,No,5,0,Medium
ERP,750875,353,13,1,Local,Spring,1.0,Yes,3,0,Medium
API-only,4764694,127,4,3,Local,Django,5.0,Yes,4,0,Low
ERP,1207689,131,12,2,Local,Laravel,3.1,No,1,2,Medium
API-only,4947794,161,3,1,Local,Spring,3.5,No,1,2,Medium
Web,2115952,131,6,1,Foreign,Spring,2.9,Yes,4,2,Low
API-only,1796516,48,6,3,Local,Django,1.4,Yes,4,0,Low
ERP,3030179,111,6,0,Foreign,Flask,2.6,Yes,5,0,Medium
ERP,2056617,308,5,2,Foreign,Laravel,6.0,No,4,0,Medium
Mobile,3963351,360,6,3,Local,React,2.2,Yes,3,1,Medium
Web,1765040,158,4,0,Foreign,Angular,1.6,No,5,2,Medium
API-only,2354971,339,13,3,Local,Flask,3.7,No,2,1,Medium
Mobile,1150199,118,2,2,Foreign,Laravel,3.4,Yes,3,0,Low
API-only,4534628,242,6,3,Foreign,Spring,3.1,No,5,1,Medium
API-only,2349396,172,14,2,Local,Laravel,3.5,Yes,5,0,Low
Mobile,3191276,94,10,2,Foreign,Angular,4.3,Yes,1,2,Medium
Mobile,1128861,105,14,3,Foreign,Django,2.8,No,5,2,Medium
Mobile,3026954,228,10,2,Local,Angular,3.7,No,3,0,Medium
Mobile,1161614,172,5,3,Foreign,React,4.7,No,4,1,Low
Mobile,3857519,345,4,2,Foreign,React,2.3,No,3,0,Medium
API-only,1166997,122,2,0,Local,Angular,0.7,No,2,2,Medium
Mobile,2226351,334,3,1,Local,Flask,4.3,No,5,0,Medium
Web,1572647,253,9,3,Foreign,Flask,6.5,Yes,5,0,Low
ERP,2131107,320,2,2,Foreign,Spring,3.5,Yes,5,1,Medium
Mobile,1528455,131,9,3,Foreign,React,3.7,Yes,5,2,Low
Mobile,1805794,296,14,1,Local,Spring,3.1,No,1,3,Medium
API-only,2450367,139,8,2,Foreign,React,5.4,No,1,3,Medium
Mobile,2410705,359,9,0,Foreign,Angular,3.4,No,4,1,Medium
Mobile,2101596,294,13,1,Foreign,Flask,3.3,Yes,5,0,Low
Mobile,4291481,32,7,1,Foreign,Flask,4.6,Yes,2,1,Medium
API-only,4650276,114,13,0,Foreign,Angular,2.9,No,4,1,Medium
Mobile,2882357,311,10,4,Foreign,Spring,2.0,No,5,2,Medium
ERP,3987124,357,4,6,Local,Spring,4.6,No,1,0,High
API-only,2745131,333,11,4,Local,Laravel,2.8,No,2,1,Medium
ERP,4746049,146,5,3,Foreign,React,2.3,Yes,4,3,Medium
API-only,591865,250,14,1,Foreign,Spring,6.0,Yes,2,0,Medium
Mobile,4544588,183,7,4,Local,Angular,3.3,Yes,5,1,Low
ERP,1572200,182,9,2,Local,Spring,4.1,No,3,0,Low
API-only,2620473,41,6,3,Local,Flask,3.5,Yes,2,1,Low
Web,3000856,162,4,2,Foreign,React,2.4,No,2,0,Medium
Mobile,3406158,333,7,0,Foreign,Django,4.3,No,1,1,Medium
API-only,4568472,322,5,2,Foreign,Laravel,3.9,No,5,2,Medium
Web,1722869,329,10,2,Foreign,React,2.7,Yes,2,2,Medium
API-only,2783869,257,14,3,Local,Flask,4.0,Yes,5,0,Low
Web,3625354,300,4,1,Local,Flask,2.9,No,1,2,Medium
Mobile,4582494,72,5,0,Local,Flask,2.2,Yes,5,3,Medium
ERP,1929551,355,8,1,Local,Flask,2.1,No,1,0,Medium
Web,2781020,331,8,3,Foreign,Angular,3.8,No,1,1,Medium
API-only,3256944,50,13,1,Foreign,Laravel,3.0,No,4,3,Medium
Mobile,2787623,136,13,1,Local,Django,5.3,Yes,5,1,Low
Web,1414032,332,5,2,Local,Flask,3.4,Yes,3,0,Low
API-only,4482588,146,7,5,Local,Flask,2.6,No,4,2,Medium
API-only,2067438,153,13,4,Local,Spring,3.7,Yes,1,0,Low
API-only,1417559,310,14,2,Local,Laravel,1.9,Yes,3,2,Low
Web,1135605,321,4,2,Foreign,React,3.4,Yes,2,2,Medium
Web,1315131,232,7,5,Foreign,Laravel,3.9,Yes,2,1,Medium
Web,567661,80,13,1,Local,Laravel,3.7,No,4,0,Low
ERP,2578007,300,3,2,Local,Django,5.1,Yes,3,1,Medium
Web,1807506,353,9,1,Local,Laravel,6.6,No,5,0,Low
Web,2471206,306,3,3,Foreign,Django,4.3,No,3,1,Medium
Web,3401614,170,12,0,Foreign,Flask,4.9,Yes,4,4,Medium
ERP,3466422,304,8,0,Foreign,Flask,6.6,No,5,1,Medium
Web,4208654,319,10,2,Local,Angular,2.3,No,5,1,Medium
API-only,618033,363,2,1,Foreign,Django,3.7,Yes,2,0,Medium
Web,1130265,81,9,1,Local,Django,2.9,No,3,1,Low
API-only,3210309,56,8,2,Foreign,React,4.5,No,5,2,Medium
API-only,3418258,186,7,1,Foreign,Spring,3.8,Yes,4,2,Low
API-only,1715502,268,7,2,Foreign,Laravel,2.5,Yes,2,0,Medium
ERP,1921796,185,7,2,Local,React,3.5,Yes,5,1,Low
ERP,3262779,320,10,3,Local,Django,4.8,Yes,3,0,Medium
ERP,2819049,165,3,3,Foreign,React,1.9,Yes,2,3,High
Web,4220464,173,2,1,Local,Angular,2.5,No,3,1,Medium
API-only,2692614,135,14,1,Local,Spring,2.4,No,3,1,Low
ERP,1270173,187,13,1,Local,Django,3.9,Yes,3,1,Low
ERP,3169355,175,7,2,Local,Django,5.0,Yes,2,0,Medium
Web,3912504,31,11,2,Local,Laravel,1.1,No,5,1,Medium
ERP,967010,106,12,1,Local,Spring,3.6,Yes,1,0,Low
Web,2155016,161,9,1,Local,Angular,2.4,Yes,5,1,Low
Mobile,2197900,119,4,3,Foreign,Flask,4.7,No,2,0,Medium
ERP,4721038,292,13,1,Local,React,3.2,No,1,1,Medium
Mobile,1423875,137,11,5,Local,Laravel,3.7,No,1,1,Medium
Web,2623221,103,2,2,Foreign,Django,3.5,Yes,1,1,Medium
API-only,4380993,68,10,3,Foreign,Flask,4.8,No,4,1,Medium
ERP,3068103,188,14,0,Foreign,Angular,6.0,Yes,2,3,Medium
Web,581264,100,14,3,Foreign,Spring,2.1,No,4,0,Medium
API-only,523275,341,2,0,Local,React,2.4,Yes,1,1,Medium
API-only,3193714,270,4,4,Foreign,Laravel,3.9,Yes,4,3,Medium
Mobile,2960072,327,9,1,Foreign,Django,2.5,Yes,4,3,Medium
Web,1072735,65,4,2,Local,Django,4.6,No,2,0,Low
API-only,2500609,113,14,3,Local,Flask,4.8,No,3,1,Low
ERP,1412826,292,5,1,Local,Flask,2.8,No,4,2,Medium
ERP,3197143,339,9,0,Foreign,React,2.6,Yes,4,1,Medium
Mobile,1362522,201,2,2,Local,Spring,3.2,No,1,0,Medium
API-only,1303692,202,14,2,Foreign,Angular,3.6,No,1,0,Medium
Web,1661157,76,14,2,Local,Spring,3.9,Yes,1,0,Low
ERP,1814532,170,7,0,Local,Spring,0.8,Yes,5,1,Low
API-only,921240,147,2,3,Foreign,Spring,2.3,No,4,1,Medium
API-only,4359744,306,2,5,Local,React,3.0,No,1,1,High
Mobile,1444789,243,9,1,Local,React,2.5,No,2,0,Medium
ERP,3607092,249,12,2,Local,Angular,0.1,Yes,5,0,Medium
ERP,2713573,55,5,2,Local,Spring,1.2,No,3,1,Medium
Web,1025893,38,13,6,Local,React,1.9,Yes,4,2,Low
ERP,2755363,300,2,1,Foreign,Angular,3.4,Yes,4,1,Medium
Web,4881514,39,11,2,Foreign,Django,3.0,No,2,3,Medium
ERP,4648887,150,8,1,Local,Angular,2.7,No,3,1,Medium
Mobile,1707094,154,6,1,Foreign,Spring,4.5,Yes,3,0,Low
ERP,2721192,199,6,2,Foreign,Laravel,4.5,Yes,5,0,Low
Web,1168406,101,2,0,Foreign,Spring,3.7,No,4,0,Medium
Web,4168866,181,11,4,Local,Laravel,3.6,No,1,0,Medium
Mobile,3353406,237,12,2,Local,Angular,2.5,No,2,1,Medium
ERP,1533255,78,7,3,Local,Django,2.6,Yes,2,3,Medium
ERP,3552766,183,10,1,Foreign,Django,1.5,Yes,2,0,Medium
Mobile,1040677,322,10,1,Foreign,React,3.2,No,2,1,Medium
ERP,3594235,97,9,3,Local,Django,4.4,Yes,1,0,Medium
ERP,1671459,79,6,2,Local,Flask,5.1,Yes,1,0,Low
Web,3359653,181,2,2,Foreign,Angular,3.2,No,5,0,Medium
ERP,2466197,48,10,0,Foreign,React,4.1,Yes,4,1,Low
ERP,887952,129,2,1,Local,Django,0.1,No,1,1,Medium
Mobile,2709373,89,9,2,Foreign,Angular,3.0,No,5,1,Low
Mobile,4647703,196,6,0,Foreign,Spring,3.0,Yes,3,0,Low
API-only,1530117,231,4,4,Foreign,Django,5.3,Yes,4,0,Medium
Web,3396818,175,12,5,Foreign,Laravel,4.0,No,1,3,High
ERP,2857821,193,8,0,Foreign,Angular,4.1,Yes,3,1,Low
ERP,1025134,271,8,0,Foreign,React,4.0,No,5,1,Medium
API-only,744761,98,10,6,Foreign,Spring,3.6,Yes,1,1,Medium
ERP,3430098,204,8,0,Local,Flask,5.3,Yes,1,1,Medium
Web,3471820,78,14,1,Local,Spring,0.7,Yes,3,1,Low
API-only,564323,137,12,0,Foreign,Django,3.7,No,1,0,Medium
Web,1737715,255,4,3,Foreign,Laravel,4.9,Yes,2,2,Medium
API-only,1454480,190,12,2,Foreign,Spring,1.2,No,1,1,Medium
API-only,2832811,148,14,3,Local,Flask,4.5,No,4,3,Low
Mobile,1354016,178,14,5,Local,React,2.6,No,3,0,Medium
Web,1364909,179,2,5,Foreign,Angular,3.6,Yes,4,1,Medium
ERP,1550493,322,9,2,Local,Laravel,2.6,No,5,3,Medium
ERP,782762,172,13,3,Foreign,Flask,4.7,No,4,0,Medium
Web,2105118,189,4,6,Foreign,Django,3.2,Yes,2,0,Medium
ERP,3383427,40,13,3,Foreign,Django,4.5,No,2,1,Medium
ERP,1916012,167,9,2,Foreign,Django,4.0,No,4,0,Medium
Web,1071650,107,9,3,Foreign,Laravel,2.5,Yes,5,2,Low
API-only,4976576,106,14,1,Foreign,Spring,4.1,No,1,3,Medium
Web,885925,283,6,1,Foreign,Laravel,2.7,Yes,2,0,Medium
API-only,3363793,287,14,4,Local,Django,3.6,No,4,1,Medium
ERP,4257974,349,13,0,Foreign,Flask,3.1,No,4,0,Medium
ERP,903081,320,14,6,Local,Angular,4.6,Yes,4,1,Medium
ERP,2899105,292,2,2,Foreign,Angular,4.1,No,1,1,High
Mobile,878892,114,14,3,Foreign,Laravel,3.5,No,3,3,Medium
API-only,4699591,175,11,2,Local,Django,2.7,No,5,2,Medium
Mobile,3654240,352,8,0,Local,React,2.0,Yes,3,1,Medium
Mobile,1156702,71,13,1,Foreign,Laravel,3.7,Yes,5,0,Low
Web,3754600,154,11,4,Local,Django,2.7,Yes,5,0,Medium
Mobile,2485296,196,6,3,Foreign,Spring,1.2,Yes,4,0,Low
Web,2690222,270,9,3,Foreign,Angular,1.9,Yes,2,0,Medium
Web,4249783,309,10,5,Local,Angular,5.5,No,4,0,Medium
Mobile,3219269,217,12,1,Local,Angular,2.7,Yes,1,0,Medium
API-only,2824797,331,8,4,Local,React,4.8,Yes,5,1,Low
API-only,1286667,48,14,1,Local,Django,3.1,Yes,2,1,Low
API-only,1853649,97,8,1,Foreign,Django,5.0,No,5,3,Medium
API-only,2212503,247,2,1,Local,Django,4.9,No,5,0,Medium
API-only,3485418,131,5,0,Local,Django,2.5,Yes,4,4,Medium
Mobile,4109736,71,3,1,Local,React,1.1,No,2,1,Medium
Mobile,1884418,317,3,4,Local,Flask,1.2,No,2,1,High
ERP,886594,196,3,2,Local,Laravel,2.5,No,5,1,Medium
API-only,3369760,138,5,1,Foreign,Laravel,5.8,No,2,0,Medium
Mobile,4306503,65,2,1,Foreign,Django,3.0,Yes,2,2,Medium
ERP,4337247,261,5,1,Local,Spring,3.7,Yes,4,0,Medium
API-only,1592501,258,3,2,Local,Angular,5.1,No,3,0,Medium
Web,637023,193,6,2,Foreign,React,3.6,No,1,3,Medium
ERP,1635964,102,4,0,Local,Spring,3.6,No,3,2,Low
Mobile,1983624,165,13,2,Foreign,Spring,4.2,No,2,1,Medium
Web,2655748,99,9,1,Foreign,Django,3.8,Yes,5,2,Low
Web,2456109,225,5,2,Local,React,3.4,No,1,0,Medium
Web,3545179,298,2,2,Foreign,Laravel,2.6,Yes,1,0,High
ERP,4425282,78,2,0,Local,Angular,3.6,No,5,1,Medium
Mobile,1373172,345,13,2,Local,Laravel,4.8,Yes,1,0,Low
Web,4185540,159,11,0,Foreign,Spring,5.6,No,5,2,Medium
API-only,1022244,34,4,3,Foreign,Angular,3.9,Yes,1,3,Medium
Web,4563309,56,10,4,Local,Flask,4.4,Yes,3,1,Low
Web,1562636,189,8,4,Foreign,Spring,3.8,Yes,1,1,Medium
ERP,2286921,178,3,3,Local,Laravel,3.4,No,4,0,Medium
ERP,1329735,293,14,3,Foreign,Laravel,4.1,Yes,5,1,Medium
Mobile,3836007,259,10,2,Foreign,Django,4.9,No,1,2,Medium
API-only,4330375,229,11,0,Local,Laravel,2.4,Yes,5,1,Medium
ERP,3062469,79,3,2,Local,React,1.8,Yes,4,0,Medium
Web,3586176,96,4,3,Local,Spring,2.9,No,1,2,Medium
Mobile,3795374,329,12,1,Foreign,Angular,3.8,Yes,1,1,Medium
Web,4181262,87,14,2,Local,Laravel,4.5,No,4,0,Low
Web,3109089,288,11,1,Local,Django,2.3,No,4,0,Medium
ERP,3008749,355,3,1,Foreign,Django,0.5,No,4,1,High
Mobile,1414228,159,4,2,Foreign,Laravel,2.9,No,5,1,Medium
API-only,1453959,244,7,3,Local,React,3.3,Yes,4,2,Low
API-only,2689415,201,10,2,Local,Django,2.1,Yes,5,0,Low
ERP,2127781,287,10,0,Local,Angular,2.6,No,3,3,Medium
ERP,3869538,131,8,3,Local,Spring,4.5,Yes,1,1,Medium
Mobile,3742374,238,13,2,Foreign,Flask,3.6,Yes,1,0,Medium
API-only,845266,320,4,2,Foreign,React,3.9,No,2,1,Medium
API-only,4456679,315,5,0,Local,Django,3.1,Yes,3,0,Low
API-only,2038601,145,7,4,Local,Spring,2.6,No,4,0,Medium
Web,3077855,293,12,2,Local,Flask,3.1,Yes,4,0,Low
API-only,3571475,179,6,2,Foreign,Laravel,4.1,Yes,3,1,Low
Web,4503484,329,3,1,Local,Laravel,1.7,No,4,0,Medium
Mobile,1607955,65,14,2,Local,Angular,5.5,Yes,2,0,Low
Web,4302010,362,7,2,Foreign,Flask,4.2,Yes,5,0,Medium
Mobile,2432728,316,4,2,Foreign,Laravel,2.9,No,1,1,Medium
API-only,2399492,332,9,4,Local,Laravel,4.5,Yes,3,1,Low
API-only,2861632,340,3,0,Local,Django,5.0,No,1,0,Medium
Mobile,1914397,237,2,1,Foreign,Angular,3.1,Yes,5,2,Medium
ERP,3677993,135,10,4,Local,Spring,3.2,No,3,2,Medium
Mobile,3631209,187,13,0,Local,Laravel,5.3,No,5,3,Medium
ERP,1723520,150,4,0,Foreign,React,6.0,No,4,1,Medium
Web,4557893,84,12,3,Foreign,React,3.5,No,4,0,Medium
Web,3717635,41,2,0,Foreign,Spring,2.1,No,4,0,Medium
Web,2800119,174,8,1,Local,Flask,2.9,Yes,5,0,Low
API-only,2399443,165,14,0,Foreign,Angular,4.7,Yes,5,2,Low
Web,3948503,32,11,1,Foreign,Django,2.3,No,5,0,Medium
ERP,1939758,173,6,2,Local,React,3.3,Yes,1,2,Low
Web,2305468,59,6,2,Local,React,3.9,No,5,3,Low
Mobile,3927975,266,2,1,Foreign,Spring,2.4,Yes,4,1,Medium
Mobile,626108,308,10,2,Foreign,Flask,4.8,Yes,2,1,Medium
API-only,3660110,144,8,3,Local,Flask,4.3,No,5,0,Low
Mobile,3730019,133,9,0,Local,Spring,5.9,No,2,0,Medium
ERP,2207692,147,10,3,Foreign,React,4.4,Yes,4,1,Low
Web,2580154,34,7,1,Foreign,Angular,2.3,Yes,5,0,Low
API-only,2744702,277,13,4,Local,React,4.1,No,1,0,Medium
Web,3877778,350,6,5,Foreign,Flask,4.7,Yes,1,3,High
Web,3030034,150,7,1,Local,Django,4.7,Yes,2,1,Low
ERP,3192755,315,12,1,Foreign,React,2.6,No,1,1,High
Mobile,888349,178,3,4,Local,Angular,2.4,Yes,1,1,Medium
Mobile,1562729,113,5,1,Local,Laravel,2.1,No,1,1,Medium
Web,3624071,260,4,1,Foreign,React,5.4,No,4,1,Medium
API-only,3886501,317,14,3,Foreign,Spring,4.2,No,1,1,Medium
Mobile,2479079,190,8,2,Local,Laravel,2.5,Yes,3,0,Low
API-only,4022905,301,10,0,Foreign,Spring,3.7,Yes,5,0,Medium
Mobile,576077,67,6,1,Foreign,Spring,3.4,No,1,1,Medium
API-only,4827819,255,7,2,Foreign,Spring,2.3,No,1,2,High
ERP,1755564,171,11,1,Local,React,3.5,Yes,1,1,Low
API-only,2408327,321,13,4,Foreign,Flask,3.7,Yes,3,1,Medium
ERP,625885,180,13,3,Foreign,Laravel,5.8,Yes,1,2,Medium
ERP,1041656,143,3,0,Local,Angular,2.7,No,1,0,Medium
API-only,1170688,266,4,2,Foreign,Flask,1.4,No,5,0,Medium
ERP,2785166,95,4,4,Foreign,React,2.2,Yes,3,1,Medium
Web,4924507,287,13,2,Local,Spring,2.4,Yes,3,0,Medium
ERP,2551531,278,13,1,Local,Angular,3.0,Yes,1,1,Medium
Mobile,3292427,360,10,2,Foreign,Laravel,2.2,No,3,3,High
API-only,3420803,352,8,2,Foreign,Flask,4.5,No,2,0,Medium
Web,3857679,209,9,2,Local,Django,2.2,Yes,3,1,Medium
API-only,4890020,219,12,1,Local,Flask,3.5,Yes,3,0,Low
Mobile,3181719,183,11,0,Foreign,Angular,5.9,No,3,0,Medium
Mobile,1390695,225,12,3,Foreign,React,4.2,No,4,0,Medium
Mobile,4694430,340,10,6,Foreign,Laravel,4.0,Yes,4,0,Medium
ERP,1338761,291,7,1,Local,Angular,5.7,Yes,4,1,Low
ERP,1000315,172,5,2,Foreign,Spring,5.0,Yes,3,0,Low
API-only,2914472,345,13,2,Local,Laravel,4.2,No,2,2,Medium
API-only,1799445,130,2,2,Local,Flask,3.1,Yes,3,0,Low
Web,998716,273,9,2,Local,Angular,3.5,No,1,3,Medium
Web,3641069,41,8,2,Foreign,Flask,3.4,No,2,0,Medium
API-only,3821127,268,3,1,Foreign,Flask,3.0,Yes,4,1,Medium
ERP,3059272,78,9,4,Foreign,Flask,3.8,Yes,5,3,Medium
Mobile,2776106,71,13,3,Local,React,3.9,No,2,0,Low
API-only,2502324,195,6,0,Foreign,Flask,2.0,Yes,4,2,Low
Web,4827021,111,8,2,Local,Spring,5.5,No,2,0,Medium
ERP,3824323,320,5,2,Local,Spring,4.0,Yes,2,0,Medium
API-only,4451416,187,6,3,Local,Laravel,3.2,Yes,3,1,Low
API-only,994592,245,9,1,Local,Django,3.8,Yes,1,2,Low
ERP,3745886,187,2,2,Local,Flask,4.6,Yes,5,2,Medium
API-only,4354261,163,2,0,Local,Flask,1.7,No,4,1,Medium
ERP,4078226,96,5,3,Foreign,Angular,3.4,No,2,1,Medium
Mobile,2529454,36,4,3,Local,React,2.1,No,5,1,Low
ERP,2927540,43,14,2,Foreign,Django,6.7,Yes,2,0,Medium
ERP,2215630,102,11,0,Local,Laravel,3.7,No,1,1,Medium
ERP,818408,192,13,3,Foreign,Django,2.1,No,5,2,Medium
API-only,968276,95,3,2,Foreign,Flask,7.8,No,4,1,Medium
API-only,2654697,159,13,4,Foreign,Angular,2.9,Yes,2,0,Medium
ERP,1011411,235,4,1,Foreign,React,3.2,No,1,2,Medium
API-only,3422808,305,12,3,Local,Laravel,3.3,Yes,5,1,Low
Web,3617172,285,12,2,Local,Django,2.5,Yes,2,1,Medium
Web,1384377,295,12,4,Local,Laravel,3.8,No,2,2,Medium
API-only,4735042,54,2,0,Local,Flask,0.8,Yes,4,2,Medium
API-only,2398739,310,2,2,Foreign,Laravel,4.8,No,1,1,Medium
ERP,1729336,282,7,1,Foreign,Angular,2.1,No,3,0,Medium
Mobile,1517433,339,6,1,Foreign,Laravel,3.0,No,2,1,Medium
API-only,3261089,318,9,1,Local,Spring,4.4,No,5,2,Medium
Web,4178086,193,3,0,Foreign,Angular,3.3,No,4,2,Medium
ERP,2081530,124,5,1,Local,Django,3.3,Yes,4,1,Low
API-only,2587258,299,9,2,Foreign,React,2.3,No,2,1,Medium
Web,4992816,350,13,3,Foreign,React,6.0,Yes,2,1,Medium
Web,3249178,139,7,5,Foreign,Flask,4.1,No,2,1,Medium
Mobile,1496530,339,2,3,Foreign,Flask,2.2,No,3,0,Medium
ERP,1271253,267,5,2,Foreign,Spring,3.7,No,2,1,Medium
ERP,3101623,54,2,4,Local,Django,2.1,Yes,1,1,High
Mobile,1878246,170,14,3,Foreign,React,5.6,Yes,5,1,Low
Mobile,4608997,146,3,2,Local,React,3.7,Yes,2,0,Medium
ERP,3403540,54,6,1,Local,React,2.3,Yes,3,1,Medium
ERP,3864695,108,9,1,Local,React,4.3,No,5,2,Medium
API-only,4478400,97,9,4,Local,Laravel,3.2,No,4,0,Medium
API-only,2691422,202,12,5,Local,Django,2.0,Yes,2,3,Medium
Mobile,1545482,41,4,1,Local,Angular,4.0,Yes,5,1,Low
API-only,1795302,317,12,3,Local,Angular,3.9,Yes,4,2,Low
Web,4502640,157,14,2,Local,Spring,4.9,No,3,1,Low
API-only,1070451,125,5,1,Foreign,Laravel,3.6,Yes,1,1,Low
API-only,519816,121,11,2,Foreign,React,3.6,Yes,2,1,Low
Web,1467344,170,12,1,Local,React,3.7,No,1,2,Low
Mobile,3355059,60,7,2,Local,Flask,5.4,Yes,3,0,Low
Web,2912149,363,12,1,Local,Flask,3.1,No,5,1,Low
API-only,3852252,49,12,0,Foreign,Spring,4.1,No,5,1,Medium
Mobile,4232839,175,11,2,Foreign,React,4.2,No,3,1,Medium
API-only,1538896,345,4,1,Local,Spring,3.9,No,3,0,Low
Web,3797606,189,3,2,Local,Laravel,3.1,No,2,0,Medium
Web,3378604,72,7,3,Foreign,Angular,3.6,Yes,4,1,Low
API-only,4080893,283,12,0,Foreign,React,3.4,Yes,1,2,Medium
ERP,4827858,159,14,0,Local,Django,5.9,No,1,1,Medium
ERP,4456602,89,6,2,Local,Laravel,3.0,No,5,1,Medium
Web,4596951,180,11,1,Local,React,2.4,Yes,5,1,Low
Web,764223,316,6,2,Local,Django,3.5,Yes,2,1,Low
ERP,3819260,34,11,3,Foreign,Flask,3.4,No,3,1,Medium
ERP,3194287,295,14,2,Foreign,Spring,3.7,Yes,1,1,Medium
API-only,2166471,159,6,3,Local,Flask,3.0,Yes,2,2,Low
API-only,1088365,296,11,3,Local,Angular,3.6,No,5,2,Low
ERP,1203662,207,13,3,Local,Flask,3.7,Yes,5,1,Low
API-only,1805585,282,6,2,Foreign,React,4.6,Yes,1,1,Medium
API-only,4592097,85,4,0,Local,Django,3.6,Yes,5,1,Low
Mobile,3159440,112,8,2,Local,Flask,3.6,Yes,5,0,Low
API-only,2099601,128,7,2,Local,React,4.1,No,4,1,Low
Web,4443645,178,5,2,Foreign,Angular,4.5,Yes,3,0,Low
API-only,4995013,358,3,3,Local,Django,2.3,No,5,5,High
API-only,4551774,185,13,1,Foreign,Flask,2.0,Yes,4,1,Medium
ERP,1734816,219,10,2,Local,Spring,5.5,No,2,0,Medium
Web,2125351,292,2,0,Local,Spring,4.3,No,5,1,Medium
API-only,2464956,109,14,0,Local,Django,3.2,Yes,2,0,Low
API-only,3948678,281,14,2,Foreign,Spring,3.5,No,5,2,Medium
Mobile,1627199,126,12,3,Local,Flask,3.0,No,1,2,Low
API-only,4011049,289,5,1,Local,Flask,3.8,No,4,2,Medium
API-only,4563186,289,2,1,Foreign,Django,2.3,No,4,2,High
Mobile,2780827,132,14,4,Foreign,Flask,4.5,No,1,2,Medium
ERP,2285910,69,7,1,Foreign,React,3.7,Yes,3,0,Low
API-only,3595900,302,5,2,Local,Angular,3.8,No,4,4,Medium
Mobile,4543064,130,6,0,Foreign,Spring,2.4,No,2,1,Medium
Web,3102967,337,6,4,Local,React,4.1,Yes,4,0,Medium
ERP,3938550,250,10,3,Foreign,Django,2.5,Yes,3,2,Medium
Web,576218,337,2,2,Foreign,Spring,2.7,No,2,1,High
Web,1270044,153,14,2,Foreign,React,3.6,Yes,2,0,Low
Mobile,3046741,260,3,3,Local,Flask,6.5,Yes,1,0,Medium
API-only,3980130,207,14,3,Local,Django,3.7,Yes,5,0,Low
Mobile,3685714,92,7,1,Local,Django,0.4,Yes,1,0,Medium
Mobile,2228096,145,6,3,Local,Spring,2.7,Yes,5,1,Low
Mobile,847739,220,12,3,Local,Flask,4.3,Yes,1,0,Low
Mobile,972327,91,8,0,Local,Spring,2.1,No,5,1,Low
ERP,3194946,285,4,4,Local,Laravel,4.5,No,4,0,Medium
API-only,4729215,36,4,4,Local,React,3.7,Yes,2,2,Medium
Web,2422135,184,11,2,Local,Laravel,4.7,Yes,5,0,Low
Web,1478039,121,3,2,Foreign,React,2.8,No,4,3,Medium
API-only,1399885,43,14,2,Foreign,Angular,2.7,Yes,3,1,Low
Web,1108746,258,4,0,Local,Django,4.2,No,1,0,Medium
API-only,3502819,115,11,2,Local,Spring,3.5,Yes,3,1,Low
Web,999876,162,2,2,Local,Angular,3.4,No,4,0,Low
Mobile,2462165,212,6,3,Local,Angular,5.4,No,3,2,Low
Web,1111213,91,13,0,Foreign,Django,4.2,Yes,3,1,Low
API-only,1268734,248,6,1,Foreign,Django,1.1,Yes,4,1,Medium
API-only,4741361,275,13,3,Local,React,4.5,Yes,2,0,Medium
API-only,2339433,259,12,3,Foreign,Laravel,4.3,Yes,5,1,Low
API-only,4172214,108,8,4,Foreign,Flask,4.9,No,1,1,Medium
API-only,2526580,178,5,0,Local,React,2.4,Yes,5,0,Low
ERP,4839235,167,4,3,Local,Flask,3.9,No,1,1,Medium
ERP,1992252,343,2,1,Local,Angular,3.6,Yes,5,0,Medium
Web,4026737,94,13,2,Local,Flask,2.4,No,3,4,Medium
API-only,901921,42,9,5,Foreign,Laravel,4.6,Yes,2,1,Medium
Web,2508960,242,14,0,Local,React,3.2,Yes,3,1,Low
API-only,4955214,271,4,1,Foreign,Django,4.9,No,2,6,High
API-only,587955,242,14,3,Local,Laravel,2.6,Yes,4,0,Low
ERP,4316446,210,3,3,Foreign,Laravel,1.7,Yes,1,1,High
ERP,3876513,202,12,1,Local,React,3.2,Yes,1,1,Medium
Mobile,2437878,189,5,0,Local,Django,3.8,Yes,4,3,Low
ERP,4902294,193,4,3,Foreign,Laravel,2.9,Yes,5,1,Medium
Mobile,2585259,217,14,3,Foreign,Django,-0.2,No,4,0,Medium
Mobile,2975539,220,2,0,Foreign,Spring,4.0,Yes,4,2,Medium
Mobile,2205215,337,4,2,Local,Spring,4.0,No,2,2,Medium
Mobile,2989569,285,13,0,Foreign,Spring,4.3,Yes,4,1,Low
Mobile,3766402,212,3,4,Foreign,Flask,3.0,Yes,1,0,High
Web,2483851,146,9,0,Foreign,Laravel,3.0,No,3,0,Low
ERP,4608880,311,7,2,Foreign,React,5.2,No,2,1,High
Mobile,4761946,225,10,1,Foreign,React,1.6,No,2,0,High
API-only,590093,63,9,0,Foreign,Flask,3.2,No,5,2,Low
ERP,2056182,81,11,1,Foreign,React,3.7,No,3,0,Medium
ERP,4911519,141,4,2,Foreign,Spring,4.2,Yes,2,1,Medium
Mobile,2503679,281,6,5,Foreign,Laravel,3.7,No,4,2,Medium
Web,2232465,111,8,1,Local,React,2.4,No,2,0,Medium
Mobile,4730258,261,6,3,Local,React,4.9,Yes,2,0,Medium
Web,3673584,256,9,1,Foreign,Angular,3.5,Yes,2,0,Medium
API-only,3156807,262,13,5,Local,Angular,1.5,No,5,0,Medium
ERP,3359244,250,6,2,Local,Angular,3.8,No,2,1,Medium
API-only,1386040,71,2,0,Foreign,Laravel,4.1,No,2,1,Medium
Web,822918,50,6,1,Foreign,Spring,5.9,Yes,5,0,Low
Web,3438613,71,5,2,Foreign,Django,4.0,No,3,0,Medium
API-only,2745909,142,7,0,Foreign,Spring,1.7,Yes,1,0,Medium
Web,4562442,134,4,1,Foreign,Spring,1.8,Yes,5,0,Medium
API-only,616739,221,12,3,Foreign,Laravel,5.0,Yes,5,1,Low
ERP,1786585,46,6,0,Local,Laravel,2.5,Yes,2,1,Medium
API-only,1280316,149,3,0,Foreign,Angular,1.6,No,2,1,Medium
ERP,4034550,158,12,2,Local,React,4.7,Yes,1,1,Medium
API-only,3989866,159,7,2,Foreign,Flask,2.9,Yes,2,0,Medium
Web,1866853,89,14,2,Foreign,Flask,4.6,No,4,1,Low
API-only,1514929,77,13,4,Local,Django,2.4,Yes,2,1,Medium
Web,2066847,58,7,3,Foreign,React,5.3,No,2,1,Medium
API-only,2920564,126,6,1,Foreign,Django,4.5,Yes,4,2,Low
API-only,3082569,39,7,3,Local,Angular,2.6,No,1,1,Medium
Mobile,1980035,271,12,1,Foreign,Django,1.5,Yes,4,2,Medium
Web,688456,343,8,3,Local,React,6.3,Yes,5,2,Low
Mobile,3153093,261,13,3,Foreign,React,3.2,No,4,1,Medium
Web,3803457,306,6,2,Foreign,Flask,2.6,Yes,3,3,Medium
Mobile,4585412,313,2,3,Local,Angular,5.2,Yes,5,1,Medium
ERP,4922808,232,9,2,Foreign,Laravel,4.6,No,2,0,High
API-only,1216756,276,5,3,Local,Django,4.9,Yes,5,0,Low
Web,551226,319,10,1,Local,Flask,3.4,Yes,1,1,Low
Web,4251198,293,11,3,Local,Django,5.8,No,1,0,Medium
API-only,4121509,243,13,2,Foreign,Django,1.9,No,4,2,Medium
Web,3638145,229,7,4,Foreign,Laravel,2.8,No,5,2,High
Web,4397611,108,2,3,Local,Angular,4.0,No,2,1,Medium
Mobile,1726476,202,4,1,Foreign,React,4.9,No,1,0,Medium
Web,4684056,98,4,1,Foreign,Spring,4.3,Yes,2,1,Medium
ERP,1072212,116,11,2,Foreign,Django,3.4,No,3,1,Medium
ERP,4918441,130,13,4,Local,Spring,2.9,Yes,1,2,Medium
API-only,2000844,37,13,2,Foreign,Angular,4.9,No,4,1,Low
Web,1429168,362,5,3,Local,Spring,4.4,Yes,3,1,Low
API-only,3943609,229,7,1,Foreign,Django,2.5,Yes,5,1,Medium
ERP,863476,116,8,2,Foreign,Laravel,2.4,No,2,0,Medium
Web,1900283,72,11,4,Local,Spring,2.8,Yes,1,0,Medium
Web,1191757,138,5,4,Foreign,Angular,2.7,Yes,3,2,Medium
API-only,890719,181,7,1,Local,Angular,4.7,No,3,2,Low
ERP,2027937,46,12,3,Foreign,Laravel,4.0,No,1,1,Medium
Web,1649947,162,2,0,Local,Spring,4.2,No,5,0,Low
API-only,3837920,177,9,2,Foreign,Spring,3.7,No,5,4,Medium
ERP,3796050,306,8,5,Foreign,React,3.8,Yes,4,1,Medium
API-only,2618324,261,12,1,Foreign,Flask,1.6,Yes,5,2,Medium
Mobile,3178932,343,12,2,Local,Angular,4.5,Yes,4,1,Low
Web,1376031,257,10,2,Local,React,2.8,Yes,3,0,Low
Mobile,1770896,168,4,0,Local,Angular,3.5,Yes,1,2,Low
ERP,4063706,240,3,3,Foreign,React,2.9,Yes,5,2,High
Mobile,1559622,57,2,1,Local,Flask,3.7,No,4,0,Low
Mobile,4922375,80,4,4,Local,React,4.2,Yes,3,2,Low
ERP,878165,290,6,5,Local,Angular,2.3,Yes,5,1,Medium
API-only,1208662,290,12,3,Local,Spring,3.8,Yes,2,1,Low
Mobile,4631479,37,3,2,Local,Angular,3.0,No,3,0,Medium
API-only,1512117,349,13,0,Local,Django,5.1,No,5,2,Low
Mobile,1145188,167,4,3,Local,Laravel,2.2,No,3,0,Low
API-only,915008,67,5,1,Local,Laravel,2.3,No,1,3,Medium
ERP,2131993,140,8,1,Local,Django,3.1,Yes,1,2,Low
Mobile,3851278,249,14,1,Local,Laravel,2.4,Yes,1,0,Medium
ERP,2842035,252,4,1,Foreign,Laravel,3.2,Yes,2,1,Medium
Mobile,3268362,165,10,2,Foreign,Flask,2.9,No,1,2,Medium
ERP,3526768,285,9,2,Local,Spring,3.6,Yes,2,0,Medium
ERP,1670365,358,5,1,Foreign,Spring,4.7,Yes,1,0,Medium
Mobile,1179418,78,14,0,Foreign,Angular,3.6,Yes,3,0,Low
Mobile,2111754,321,2,5,Local,Django,3.7,No,5,3,Medium
Mobile,1614593,353,2,0,Local,React,2.2,No,5,2,Medium
Web,1726952,107,2,0,Local,Angular,3.3,No,1,1,Medium
API-only,3221864,134,2,1,Foreign,Angular,3.0,Yes,5,1,Medium
Web,4447208,198,9,1,Local,Angular,4.3,Yes,1,1,Low
Web,3438496,246,4,3,Foreign,Angular,2.6,Yes,1,2,Medium
ERP,4375754,148,7,1,Local,Spring,2.5,Yes,4,1,Medium
Mobile,3204999,219,4,0,Foreign,React,3.9,No,4,2,Medium
API-only,3494200,284,12,1,Foreign,Angular,5.9,Yes,4,1,Medium
ERP,1824070,295,6,4,Local,Spring,3.3,No,2,0,Medium
Web,3690914,178,14,2,Local,Angular,3.7,Yes,4,6,Low
Mobile,3024388,193,14,0,Foreign,Laravel,4.6,No,1,1,Medium
ERP,2158987,169,8,3,Foreign,Angular,4.1,Yes,3,2,Low
Mobile,4376274,287,3,1,Local,Django,4.1,Yes,4,1,Medium
ERP,3337981,298,7,1,Local,Django,3.4,No,4,1,Medium
Mobile,2161793,210,14,0,Foreign,Angular,3.4,No,3,2,Medium
Web,1116036,189,7,3,Local,Flask,2.6,Yes,1,0,Low
API-only,3891418,317,12,1,Foreign,Laravel,4.1,Yes,2,0,Medium
Web,928988,317,4,0,Local,React,4.1,Yes,4,0,Low
API-only,4584752,255,7,2,Local,Angular,4.4,No,3,1,Medium
Mobile,4874857,40,11,3,Local,React,2.9,Yes,1,1,Medium
ERP,3477590,39,11,1,Foreign,Laravel,4.5,No,5,0,Medium
Web,3797291,300,6,5,Local,Angular,4.9,Yes,2,0,Medium
API-only,4302429,302,13,3,Foreign,Flask,2.0,Yes,3,0,Medium
Web,2990706,212,3,3,Local,Spring,3.1,Yes,3,3,Medium
API-only,1691902,182,10,4,Foreign,Flask,4.9,Yes,3,0,Low
Web,2992118,344,9,1,Foreign,Flask,2.7,No,4,2,Medium
API-only,4237973,363,4,2,Local,Spring,4.1,No,5,1,Medium
API-only,2702575,153,9,2,Foreign,Spring,3.5,Yes,2,0,Low
Mobile,964071,143,10,2,Foreign,Django,3.9,Yes,1,1,Low
API-only,4881137,307,4,2,Foreign,Spring,3.5,Yes,1,1,Medium
Mobile,1275435,242,4,3,Foreign,Angular,4.4,No,5,1,Medium
API-only,2674606,201,3,3,Local,React,2.3,Yes,3,1,Medium
ERP,3998472,317,9,2,Local,Django,2.4,No,3,3,High
ERP,3506316,203,11,3,Local,Django,5.3,No,3,1,Medium
ERP,2064718,142,2,1,Foreign,React,6.0,No,3,0,Medium
API-only,2634793,151,9,3,Foreign,Django,3.5,No,3,1,Low
Mobile,2102575,61,8,5,Local,Spring,5.6,Yes,5,1,Low
Mobile,4313270,251,8,0,Local,Flask,2.6,Yes,4,2,Medium
API-only,2878837,148,4,1,Foreign,Laravel,2.9,No,2,1,Medium
ERP,2024102,68,2,2,Local,Spring,5.2,Yes,3,1,Low
ERP,3690541,297,5,0,Local,Flask,4.5,Yes,4,3,Medium
Mobile,1164180,262,10,2,Foreign,Flask,5.4,Yes,1,0,Medium
ERP,2883366,47,6,0,Local,Django,4.1,No,5,0,Low
Web,2535848,178,2,2,Foreign,Angular,2.3,Yes,4,0,Medium
Mobile,2939855,178,6,1,Local,Angular,3.8,Yes,3,0,Low
ERP,704615,155,14,3,Foreign,Django,4.9,Yes,3,1,Low
Mobile,2025233,331,9,2,Foreign,Django,3.3,Yes,3,2,Low
Web,4396022,267,9,5,Foreign,React,3.2,Yes,4,1,Medium
Mobile,2303740,164,6,3,Foreign,React,4.1,Yes,3,1,Low
Mobile,4468222,180,13,1,Foreign,Laravel,2.8,Yes,4,1,Medium
Mobile,3568893,265,10,1,Local,Laravel,3.9,Yes,3,3,Medium
Mobile,1338003,253,2,3,Local,Laravel,3.6,Yes,1,0,Medium
Web,3933382,232,5,0,Local,Laravel,2.9,Yes,1,2,Medium
API-only,781570,285,4,0,Foreign,Flask,4.7,No,2,0,Medium
Mobile,3682993,115,3,1,Local,Flask,4.3,Yes,3,0,Low
Mobile,4581082,179,9,1,Foreign,React,3.1,No,3,1,Medium
ERP,3895049,264,8,2,Foreign,Angular,3.5,Yes,4,1,Medium
Mobile,566150,51,10,4,Local,Django,3.2,No,4,3,Medium
ERP,2934206,314,3,2,Foreign,Angular,2.7,No,3,0,High
API-only,1059723,298,5,6,Local,Spring,1.5,Yes,2,1,Medium
Web,3047500,287,7,1,Foreign,Flask,2.9,No,3,1,Medium
Web,3855745,58,12,2,Foreign,Laravel,2.8,No,4,0,Medium
API-only,1499554,242,4,1,Local,Laravel,3.6,No,3,1,Low
Web,4693060,312,9,3,Foreign,Spring,4.0,Yes,4,1,Medium
API-only,4658634,79,4,3,Local,Angular,2.5,No,3,1,Medium
API-only,634055,124,13,2,Foreign,Laravel,3.9,No,5,1,Low
API-only,1176022,117,14,4,Local,Angular,2.4,Yes,4,0,Low
Web,1309942,73,14,2,Foreign,Django,3.3,No,2,2,Medium
ERP,4379275,307,3,3,Local,Spring,2.8,No,5,0,High
API-only,1196358,200,14,2,Local,Angular,4.4,No,3,1,Low
Mobile,4095790,218,14,2,Foreign,Django,3.6,Yes,4,1,Medium
Web,2341648,213,4,1,Local,Angular,3.4,No,5,1,Low
API-only,2188472,32,12,3,Foreign,Angular,2.7,Yes,2,0,Medium
API-only,4328433,220,7,3,Foreign,Laravel,3.1,No,4,0,Medium
Mobile,3235264,147,3,2,Local,React,5.7,No,5,0,Medium
ERP,4948748,48,9,0,Local,Flask,2.9,No,5,2,Medium
ERP,3200713,52,2,1,Local,Angular,4.1,No,5,3,Medium
ERP,2808989,59,8,1,Local,Angular,3.4,Yes,1,1,Low
API-only,4637270,324,3,5,Local,Angular,4.0,No,3,0,Medium
API-only,4817922,137,11,1,Foreign,React,4.5,Yes,4,0,Low
API-only,4615625,310,13,3,Local,Django,3.1,No,4,1,Medium
Web,959297,157,7,2,Foreign,Spring,4.4,Yes,4,1,Low
Mobile,1520154,258,13,3,Local,Laravel,6.8,No,5,1,Low
API-only,4577151,140,3,4,Local,React,4.2,No,3,0,Medium
Mobile,3303696,165,3,3,Local,Django,5.4,Yes,2,0,Medium
Mobile,2593373,215,11,3,Foreign,Angular,4.1,Yes,4,1,Low
ERP,2872280,173,14,2,Local,Django,2.4,Yes,3,1,Low
Web,3416623,101,9,3,Foreign,React,3.8,Yes,3,0,Low
API-only,3206871,158,13,2,Foreign,React,3.1,No,1,1,Medium
ERP,1370123,290,3,2,Foreign,React,2.8,Yes,4,2,Medium
ERP,3486249,32,8,5,Local,Spring,3.4,Yes,5,0,Medium
API-only,2359582,133,4,4,Foreign,Flask,3.3,Yes,3,1,Low
Mobile,4944499,253,9,1,Local,Laravel,2.2,No,3,2,Medium
ERP,2629885,349,8,2,Foreign,Spring,6.8,No,2,0,Medium
Mobile,2707148,39,9,3,Local,Spring,4.5,No,1,2,Low
Web,1049239,331,8,2,Foreign,Flask,3.8,No,3,2,Medium
Mobile,1056701,260,12,2,Local,Spring,3.6,Yes,3,1,Low
Web,3547569,248,7,0,Local,React,4.9,No,5,0,Medium
Mobile,1770464,95,14,3,Local,React,6.0,Yes,5,1,Low
ERP,1285332,141,8,2,Foreign,Django,4.3,No,2,1,Medium
ERP,1267950,42,6,3,Foreign,Angular,3.6,Yes,2,0,Medium
Web,666472,115,8,2,Local,Spring,5.3,Yes,2,3,Low
API-only,897710,263,2,3,Foreign,Angular,3.7,Yes,5,0,Medium
Web,4817048,119,2,2,Foreign,Laravel,4.0,Yes,5,0,Medium
Web,3688729,343,10,2,Foreign,React,4.7,Yes,1,0,Medium
Mobile,3350171,83,6,2,Foreign,Django,3.0,No,4,2,Medium
Mobile,1410775,41,14,3,Foreign,Laravel,1.0,Yes,4,2,Low
Web,3096874,238,6,2,Foreign,Django,3.0,Yes,1,2,Medium
ERP,1058924,43,4,1,Foreign,Flask,4.4,Yes,4,0,Low
Mobile,4381185,150,6,1,Local,React,4.3,Yes,5,0,Low
API-only,4873656,49,4,3,Local,Laravel,5.1,No,4,4,Medium
Mobile,4512595,104,10,0,Foreign,Flask,3.0,No,5,1,Medium
Mobile,2790435,272,10,0,Local,Laravel,5.4,Yes,1,2,Low
API-only,931413,252,7,3,Local,Django,3.7,Yes,2,2,Low
Web,1852564,99,2,2,Local,Flask,4.2,Yes,1,3,Medium
API-only,2924050,341,8,2,Foreign,Flask,4.6,Yes,4,0,Low
Web,4665100,240,8,0,Foreign,React,1.8,No,5,1,Medium
Web,1363561,130,11,2,Foreign,Angular,2.3,No,4,1,Medium
Web,802186,215,11,1,Foreign,Django,2.3,Yes,4,2,Medium
API-only,3707393,161,5,2,Foreign,Django,4.8,Yes,2,0,Medium
Web,4328464,140,9,3,Local,Flask,3.1,Yes,4,1,Low
ERP,1526553,161,7,1,Foreign,Flask,5.9,Yes,2,0,Medium
API-only,1735202,49,5,5,Local,React,3.5,Yes,5,1,Low
ERP,645271,53,5,1,Foreign,Angular,1.7,No,5,1,Medium
Web,2715685,256,3,2,Local,Django,2.7,No,2,0,Medium
Mobile,4243797,183,3,2,Foreign,Spring,3.6,Yes,1,1,Medium
Web,2014542,322,13,1,Foreign,Spring,4.1,No,5,0,Medium
ERP,4680656,259,5,3,Foreign,Angular,2.3,No,1,1,High
ERP,3430184,339,6,1,Foreign,Laravel,4.2,No,5,1,Medium
API-only,576898,231,9,1,Foreign,React,4.5,Yes,5,0,Low
Mobile,3795097,67,7,1,Foreign,Angular,2.7,No,3,0,Medium
API-only,788316,289,5,1,Local,Spring,5.9,No,4,1,Low
ERP,2508954,217,14,4,Foreign,Flask,2.9,Yes,4,1,Medium
Web,2329553,86,12,0,Local,Spring,2.3,No,1,1,Medium
Mobile,4588657,49,8,1,Foreign,Flask,1.7,Yes,4,1,Medium
Web,3541341,302,9,1,Local,React,5.0,No,1,0,Medium
Web,1539504,148,3,1,Local,Flask,3.5,Yes,5,0,Low
Mobile,4587810,100,13,1,Local,Angular,2.9,Yes,3,0,Low
API-only,2605058,33,8,1,Local,Flask,1.7,No,3,0,Low
Web,2175843,250,3,0,Local,Laravel,3.0,No,5,1,Medium
ERP,534701,43,3,3,Local,Angular,6.4,Yes,2,2,Medium
Web,3729028,32,9,0,Foreign,React,0.9,Yes,2,1,Medium
Mobile,2221610,245,3,3,Local,Angular,2.7,No,4,1,Medium
Mobile,2680712,258,12,1,Foreign,Laravel,5.7,No,1,0,Medium
Mobile,2839767,215,10,6,Foreign,React,5.0,No,3,0,Medium
API-only,3114235,84,13,1,Local,Spring,2.8,No,4,1,Medium
Web,991036,283,2,2,Local,Laravel,3.7,Yes,5,2,Low
API-only,827304,53,10,1,Foreign,React,4.1,Yes,3,0,Low
API-only,2962616,191,2,1,Local,Flask,3.7,Yes,1,1,Low
Mobile,3210241,187,11,4,Local,Angular,5.6,No,1,0,Medium
Mobile,3933803,111,14,1,Local,React,3.9,No,2,2,Medium
API-only,1642953,188,11,2,Local,Angular,4.9,Yes,4,0,Low
Web,4461352,217,3,3,Local,Flask,3.7,Yes,5,1,Medium
ERP,4478702,89,7,0,Local,React,1.1,Yes,3,1,Medium
API-only,4559175,334,7,1,Local,Spring,2.1,Yes,1,3,Medium
Web,826916,348,2,1,Foreign,Laravel,2.3,Yes,3,0,Medium
Mobile,4097706,240,8,1,Local,React,3.2,Yes,5,1,Low
Mobile,1105409,181,9,3,Foreign,Flask,6.0,No,3,0,Low
Web,1574135,138,3,1,Foreign,React,3.9,Yes,4,1,Low
ERP,3489179,105,9,2,Foreign,Angular,3.4,Yes,2,0,Medium
Mobile,2225690,59,10,3,Foreign,Django,5.0,Yes,3,0,Low
Mobile,3780772,343,7,1,Local,React,1.8,Yes,2,2,Medium
Mobile,4657893,146,6,2,Foreign,Spring,2.9,Yes,5,0,Medium
Web,903119,221,13,3,Foreign,React,2.7,Yes,2,0,Medium
API-only,4666769,48,10,1,Foreign,Laravel,4.0,Yes,3,1,Low
Mobile,4820295,202,14,2,Foreign,React,4.6,No,3,1,Medium
API-only,902732,257,13,3,Foreign,Django,4.1,Yes,1,1,Medium
ERP,1006079,212,12,2,Local,Angular,4.1,No,3,1,Medium
Mobile,2450013,142,10,0,Local,React,3.1,No,2,0,Low
Mobile,3123836,212,2,3,Foreign,Spring,3.9,No,1,2,High
ERP,1632658,175,12,2,Local,Flask,2.5,Yes,3,2,Low
Mobile,2485209,348,4,2,Local,React,4.3,Yes,3,0,Low
API-only,4822626,145,10,0,Foreign,React,2.9,Yes,5,1,Medium
Web,1156951,142,12,1,Foreign,Laravel,2.2,Yes,1,0,Medium
API-only,511303,280,3,0,Foreign,Spring,3.5,Yes,5,1,Medium
Web,1710209,280,13,1,Local,Django,1.2,Yes,5,0,Low
Web,3979591,332,5,1,Foreign,Flask,5.3,Yes,5,2,Medium
API-only,2866610,342,5,2,Local,Angular,4.5,Yes,4,2,Low
API-only,4680303,147,3,3,Local,React,3.9,Yes,5,2,Low
API-only,1568199,330,4,3,Local,Django,1.6,Yes,2,2,Medium
API-only,4676224,190,14,2,Foreign,Flask,2.7,No,3,2,Medium
ERP,958298,227,4,2,Local,Angular,3.5,Yes,4,1,Low
Mobile,1547343,289,2,4,Foreign,Django,3.2,Yes,5,0,Medium
Web,605228,177,7,1,Foreign,Spring,1.5,Yes,3,0,Low
API-only,2255692,269,9,3,Foreign,Spring,1.9,No,1,0,Medium
API-only,1384056,76,13,3,Foreign,Flask,3.2,Yes,1,0,Low
API-only,2230228,227,4,4,Foreign,Angular,2.0,Yes,3,3,Medium
ERP,2446793,76,6,2,Local,Spring,5.1,No,2,2,Medium
API-only,2069123,107,2,4,Local,Flask,4.1,Yes,3,0,Low
API-only,3779269,153,11,3,Local,Spring,2.5,No,3,2,Medium
API-only,2226470,104,8,2,Local,Spring,4.9,No,4,1,Low
Mobile,3840420,166,11,3,Local,Django,4.7,No,1,0,Medium
ERP,548874,119,14,2,Foreign,Django,3.8,No,1,1,Medium
API-only,2122572,354,2,2,Foreign,Spring,3.5,Yes,5,0,Medium
Web,3720281,90,13,4,Local,Laravel,3.1,No,3,3,Medium
Web,3189784,167,12,4,Local,Django,2.9,No,3,0,Medium
Web,1209662,79,10,1,Local,Angular,1.9,Yes,2,1,Low
ERP,970452,288,9,1,Foreign,Flask,5.3,Yes,1,1,Medium
ERP,2639686,136,8,0,Foreign,Flask,2.9,Yes,2,4,Medium
Web,3092670,142,11,3,Foreign,Angular,3.5,No,4,2,Medium
API-only,942061,283,8,1,Local,Angular,2.4,Yes,5,2,Low
ERP,3834732,147,6,6,Local,Angular,3.2,No,2,1,Medium
Web,4261675,227,6,1,Local,Angular,6.9,No,1,2,Medium
Web,2761286,80,12,1,Local,React,2.6,Yes,4,0,Low
API-only,988972,274,14,3,Foreign,Flask,5.2,Yes,3,0,Low
Mobile,1623994,64,6,3,Local,React,3.5,Yes,4,1,Low
ERP,3581328,331,2,0,Local,Spring,4.3,Yes,2,3,High
API-only,4598064,98,9,2,Local,Spring,5.0,Yes,1,3,Medium
Web,3117703,349,13,1,Foreign,Flask,3.8,Yes,2,2,Medium
Web,663038,78,12,3,Foreign,Spring,3.1,No,3,1,Low
API-only,4463735,103,2,1,Local,Angular,3.3,No,3,1,Medium
ERP,1874572,221,5,3,Foreign,React,3.3,Yes,1,0,Medium
Mobile,2855874,290,10,5,Foreign,Angular,5.7,No,5,0,Medium
Mobile,1100530,99,10,0,Foreign,Spring,1.7,No,4,0,Medium
Web,4148966,119,6,1,Foreign,Django,1.4,No,4,3,Medium
ERP,1577833,289,5,2,Foreign,React,1.5,No,3,2,Medium
Mobile,3077640,155,4,1,Local,Angular,2.4,No,2,2,Medium
ERP,935423,260,4,5,Local,Flask,4.3,No,2,2,Medium
ERP,1692929,324,13,1,Local,Angular,4.4,Yes,5,0,Low
Web,823390,158,6,3,Foreign,Django,2.8,Yes,2,0,Medium
Mobile,2164221,309,11,2,Foreign,Spring,3.5,Yes,4,0,Low
API-only,4568316,342,2,2,Foreign,React,2.2,No,2,1,High
Web,2156671,129,6,0,Foreign,Flask,2.3,Yes,5,0,Low
Mobile,638563,355,7,2,Local,React,4.2,Yes,4,1,Low
Mobile,1283066,326,8,2,Local,Flask,4.8,Yes,2,0,Low
Mobile,2054623,211,13,4,Local,React,2.9,No,4,0,Medium
Mobile,4555957,203,10,0,Local,Spring,5.5,Yes,3,1,Low
Mobile,1097897,345,4,3,Local,Flask,4.7,No,3,0,Low
ERP,4441237,217,3,3,Local,Laravel,5.4,Yes,3,0,Medium
Web,1272800,86,4,3,Foreign,React,3.1,Yes,2,2,Low
ERP,2542999,60,13,2,Foreign,React,5.3,Yes,5,1,Low
API-only,4022554,113,10,0,Local,Angular,6.1,No,4,1,Low
Mobile,4159985,181,13,2,Foreign,Flask,3.0,No,1,2,Medium
Web,2402897,65,8,2,Local,Django,3.3,No,3,3,Low
Mobile,4076511,242,10,1,Local,Laravel,2.4,No,3,0,Medium
Web,1663950,135,14,0,Foreign,Spring,2.1,No,1,1,Medium
ERP,1049148,249,3,0,Local,Angular,2.1,Yes,1,4,High
Web,3273707,192,6,1,Local,Laravel,2.5,Yes,2,2,Medium
API-only,3273939,249,14,0,Local,Flask,3.8,No,4,1,Medium
API-only,2435740,299,5,2,Foreign,Laravel,2.6,No,3,2,Medium
Web,3934955,149,3,1,Foreign,React,3.8,Yes,5,2,Medium
Web,3245226,211,10,3,Foreign,React,3.8,No,2,0,Medium
Web,3677326,135,10,1,Foreign,Angular,2.9,Yes,2,1,Medium
Web,2054510,246,7,1,Local,Flask,3.4,No,5,3,Medium
API-only,2330815,234,12,6,Foreign,Flask,2.9,Yes,5,1,Medium
Mobile,4263122,99,7,3,Foreign,Laravel,3.1,No,5,0,Medium
Web,2886378,73,9,1,Foreign,Angular,2.5,No,1,1,Medium
Web,4921590,358,7,1,Local,Flask,3.6,Yes,3,0,Low
API-only,3034937,330,2,4,Foreign,Django,2.8,Yes,1,2,High
API-only,3657473,257,5,3,Foreign,Django,2.1,No,3,2,Medium
ERP,1312461,213,14,0,Local,React,4.2,No,1,0,Medium
Web,4927036,136,8,0,Local,Laravel,4.3,Yes,4,0,Low
ERP,4555555,113,14,3,Local,Spring,4.8,No,3,2,Medium
API-only,2218224,279,14,3,Local,React,2.3,Yes,2,0,Medium
API-only,3210626,50,3,4,Foreign,Angular,2.9,Yes,3,5,High
Mobile,1424044,225,10,2,Local,Flask,3.8,No,3,1,Low
Web,3481352,207,9,1,Foreign,React,2.9,Yes,3,1,Medium
ERP,1886652,36,9,4,Foreign,Spring,4.2,Yes,4,0,Medium
API-only,785555,99,8,2,Foreign,Spring,4.1,No,1,2,Medium
API-only,944191,156,5,1,Foreign,Django,4.1,Yes,2,1,Low
ERP,2002337,189,3,2,Foreign,Angular,5.3,Yes,1,1,Medium
Mobile,3986669,277,4,2,Local,React,4.3,Yes,1,0,Medium
API-only,1420597,232,13,2,Foreign,Laravel,3.7,Yes,5,1,Low
Web,2543338,177,7,1,Foreign,React,3.3,No,4,2,Low
API-only,4222946,172,13,0,Foreign,Django,3.4,Yes,5,0,Low
Web,1986205,228,13,3,Local,Spring,2.2,No,4,2,Medium
ERP,3365899,183,6,4,Foreign,Angular,1.4,Yes,1,1,High
Web,724695,171,13,6,Foreign,Angular,4.1,No,1,0,Medium
ERP,3481467,342,9,4,Local,Laravel,5.0,Yes,4,1,Medium
Web,3941628,194,7,2,Foreign,Angular,3.1,No,1,5,Medium
ERP,1601844,343,7,1,Foreign,Django,5.4,Yes,1,3,Medium
Web,1910706,50,2,4,Local,Django,3.3,Yes,2,3,Medium
Mobile,3840216,111,5,2,Foreign,Django,1.2,Yes,5,2,Medium
Web,4333284,98,6,3,Foreign,Angular,4.6,Yes,5,1,Low
Web,2347865,160,13,2,Foreign,Angular,2.9,No,5,2,Medium
Mobile,1419484,116,12,3,Foreign,Django,4.7,No,3,0,Low
API-only,4517136,247,4,0,Foreign,Angular,2.0,Yes,2,1,Medium
API-only,844855,334,14,2,Local,Angular,4.0,No,5,0,Low
Web,1574961,190,10,2,Local,Spring,2.5,Yes,5,1,Low
Mobile,4061963,207,2,2,Local,React,3.7,Yes,2,2,Medium
Web,2877935,146,7,3,Foreign,Flask,4.4,No,1,1,Medium
ERP,1634106,225,7,2,Foreign,Angular,4.1,No,5,4,Medium
ERP,4978011,356,11,2,Foreign,Flask,3.6,No,1,0,High
Web,2974968,115,6,3,Local,Flask,1.8,Yes,5,1,Low
API-only,2942266,318,13,5,Foreign,Spring,4.4,Yes,4,2,Medium
API-only,4937677,110,6,3,Foreign,Angular,4.7,No,3,1,Medium
Web,1718758,181,11,0,Foreign,Django,2.2,Yes,5,1,Low
Web,2155743,90,14,2,Local,Flask,2.4,No,4,1,Low
ERP,4477019,90,6,3,Local,Angular,4.8,No,2,0,Medium
API-only,3568281,57,7,2,Foreign,Laravel,3.2,No,4,1,Medium
Web,1018349,72,9,3,Foreign,Django,2.5,No,2,2,Medium
ERP,3381990,198,3,2,Foreign,Laravel,3.8,No,5,2,Medium
API-only,1297968,115,7,0,Local,Laravel,2.7,No,2,1,Medium
Mobile,579083,206,2,2,Local,Flask,3.7,Yes,4,1,Low
ERP,3155971,46,5,1,Local,Laravel,3.0,Yes,3,1,Low
API-only,4497615,127,11,2,Foreign,Spring,3.1,No,1,1,Medium
API-only,3374299,227,4,2,Local,Spring,4.8,No,1,2,Medium
ERP,2304673,127,10,4,Foreign,Flask,0.5,No,3,0,Medium
Mobile,3438199,94,4,0,Foreign,Angular,4.2,Yes,1,1,Medium
ERP,1109996,359,7,2,Local,React,4.6,No,5,1,Medium
API-only,1278513,34,2,0,Foreign,Angular,2.8,No,5,1,Medium
Web,3803389,31,13,0,Local,Angular,4.6,No,4,0,Low
Web,4854385,51,7,1,Foreign,Angular,2.3,Yes,4,0,Medium
ERP,888590,141,5,2,Foreign,Angular,2.7,No,2,2,Medium
API-only,2265982,86,9,0,Local,Django,2.6,Yes,4,2,Low
Web,3278655,95,14,1,Foreign,React,4.6,Yes,5,1,Low
API-only,3651882,359,12,4,Foreign,Django,1.4,No,4,1,High
ERP,3710016,127,10,3,Foreign,Laravel,5.5,Yes,1,0,Medium
Web,2879877,173,5,4,Foreign,Angular,3.1,Yes,2,0,Medium
API-only,2889383,154,11,2,Foreign,Spring,4.2,Yes,2,0,Low
Web,664053,196,13,2,Foreign,Flask,4.1,No,5,1,Low
ERP,1936536,115,11,2,Foreign,Flask,3.7,Yes,4,3,Medium
API-only,3042637,105,7,1,Foreign,Django,2.8,No,1,1,Medium
Web,3890926,323,2,1,Local,Django,5.0,No,4,0,Medium
ERP,4113263,88,5,1,Local,Spring,2.9,No,3,0,Medium
Web,4658549,167,8,1,Foreign,Angular,2.6,Yes,4,1,Medium
Web,1846208,128,13,3,Foreign,React,4.6,No,5,0,Low
Mobile,2278599,221,2,2,Local,Laravel,3.7,Yes,4,0,Low
Mobile,522431,272,9,2,Foreign,Flask,5.1,Yes,2,0,Medium
ERP,1743131,348,13,2,Local,Laravel,3.4,Yes,1,3,Medium
Mobile,1147008,78,11,0,Local,React,2.7,Yes,5,0,Low
ERP,1073441,61,13,1,Local,Django,3.8,No,3,1,Low
Mobile,4962816,306,12,4,Foreign,Flask,3.0,No,1,1,High
Web,4870380,49,7,2,Foreign,Laravel,2.8,Yes,1,1,Medium
ERP,2549949,183,6,4,Foreign,Django,4.5,No,2,1,Medium
ERP,1768300,97,11,4,Local,React,5.7,No,2,1,Medium
Web,2447763,243,12,2,Local,Laravel,3.2,No,2,2,Medium
ERP,2129849,172,10,1,Local,Angular,2.3,Yes,5,0,Low
ERP,2385077,261,3,3,Foreign,Django,3.3,No,4,1,Medium
Mobile,4382149,242,6,3,Local,React,4.1,Yes,1,1,Medium
ERP,550861,108,7,1,Local,Laravel,3.8,No,4,1,Low
API-only,4500737,243,8,1,Foreign,Angular,4.9,Yes,4,1,Medium
Web,1221001,145,6,4,Local,Angular,4.3,Yes,2,0,Low
Mobile,2491083,121,10,1,Local,React,2.2,Yes,4,0,Low
Mobile,2123911,299,2,4,Foreign,Spring,2.9,No,1,1,High
API-only,1943717,197,8,0,Foreign,Flask,1.8,Yes,1,1,Medium
Web,4909352,87,11,3,Local,React,4.9,No,3,0,Low
Web,3357733,313,8,3,Foreign,Angular,1.1,Yes,5,1,Medium
Mobile,1705663,55,5,3,Local,Angular,2.0,No,4,4,Medium
ERP,533320,95,10,2,Foreign,React,2.9,Yes,5,0,Medium
Mobile,827025,277,13,1,Local,Spring,4.2,No,5,2,Low
Web,864359,283,12,0,Foreign,Flask,2.9,Yes,5,0,Medium
API-only,1808507,73,6,2,Local,Laravel,3.1,Yes,5,0,Low
Mobile,4566621,126,5,2,Foreign,React,3.1,Yes,1,1,Medium
Web,1443187,71,14,2,Foreign,Flask,3.7,No,4,1,Low
Mobile,4493710,256,8,3,Foreign,Flask,2.0,Yes,3,1,Medium
ERP,2097690,291,5,3,Foreign,Django,2.4,Yes,5,1,Medium
Mobile,600734,196,4,1,Foreign,Angular,5.5,Yes,3,2,Low
Mobile,657702,308,10,2,Foreign,Laravel,4.0,Yes,1,1,Medium
Web,3351274,118,12,1,Foreign,React,4.4,No,1,0,Medium
Web,1725811,207,9,2,Local,Angular,3.6,Yes,2,1,Low
Web,1647087,226,2,0,Local,Django,3.3,Yes,5,1,Low
Mobile,3581091,336,8,1,Foreign,Django,4.0,No,2,1,Medium
ERP,4329049,296,10,1,Foreign,Angular,4.4,No,3,0,Medium
API-only,3203381,297,9,2,Local,Spring,4.5,No,4,2,Medium
API-only,2368670,103,9,1,Local,Flask,3.3,Yes,2,0,Low
Web,4793122,37,14,1,Foreign,React,4.6,No,1,1,Medium
Web,4846664,326,7,2,Local,React,0.5,No,5,0,Medium
Mobile,1432817,193,12,4,Local,React,4.6,No,3,0,Low
API-only,4835702,114,5,0,Foreign,Angular,3.0,Yes,1,2,Medium
Web,3778360,101,9,1,Foreign,Spring,4.2,Yes,4,0,Low
ERP,3462732,84,4,4,Foreign,Laravel,2.7,Yes,5,3,High
ERP,2680338,76,14,2,Local,Django,1.9,No,4,1,Medium
Web,2492825,267,10,1,Foreign,Angular,3.9,Yes,4,1,Low
Web,4332978,133,14,1,Foreign,Laravel,1.7,No,5,1,Medium
API-only,4615811,239,3,3,Local,Django,3.0,No,5,1,Medium
API-only,1094604,71,3,1,Foreign,Django,2.5,No,4,2,Medium
Mobile,2549927,345,13,3,Local,Spring,3.3,Yes,3,1,Low
API-only,3674108,297,14,3,Local,Flask,4.5,No,5,2,Medium
ERP,3231638,292,13,2,Local,React,2.9,No,1,1,High
ERP,764500,288,8,2,Local,Laravel,3.9,Yes,2,0,Medium
Web,2667478,312,13,4,Local,Angular,4.4,No,3,1,Medium
API-only,3476031,143,11,1,Local,Laravel,2.8,No,5,2,Medium
Mobile,1139282,69,5,1,Foreign,Flask,2.8,No,5,1,Medium
ERP,3403633,249,11,2,Foreign,React,5.1,Yes,3,2,Medium
ERP,2440369,158,9,1,Foreign,Laravel,3.4,No,2,0,Medium
Mobile,4448242,37,10,3,Local,Flask,4.1,Yes,4,0,Low
Mobile,1717060,130,8,3,Foreign,Angular,4.1,Yes,1,2,Low
ERP,1531519,205,6,4,Local,Spring,2.1,No,5,0,Medium
ERP,1289352,136,9,1,Foreign,Django,2.6,No,2,2,Medium
Mobile,1890281,130,5,1,Local,Angular,4.0,No,1,1,Low
ERP,4441106,289,3,1,Foreign,React,1.0,No,3,2,High
Web,2822466,275,12,1,Local,Django,3.2,Yes,5,2,Low
Web,2351317,304,13,2,Foreign,Angular,2.5,Yes,4,1,Medium
Mobile,2446830,61,7,0,Local,Angular,4.8,No,3,1,Low
API-only,3114150,166,10,1,Foreign,Angular,3.9,Yes,5,1,Low
Mobile,2068560,41,2,2,Local,Angular,4.9,No,2,0,Medium
Mobile,3105214,331,12,4,Foreign,Django,3.5,No,1,1,High
API-only,2729180,45,11,0,Foreign,React,3.4,No,1,1,Medium
API-only,2828599,158,13,0,Foreign,Flask,3.1,No,5,2,Low
API-only,1495843,92,8,1,Local,Laravel,2.9,Yes,3,0,Low
Web,4688891,138,11,1,Local,Spring,6.7,Yes,4,3,Low
ERP,1126045,50,10,4,Local,Laravel,4.5,No,2,0,Medium
Web,4531419,187,11,2,Local,Laravel,2.2,No,5,1,Medium
ERP,4995511,298,10,2,Local,Spring,6.7,Yes,2,1,Medium
Web,1924945,191,11,2,Foreign,Django,3.0,Yes,1,2,Low
ERP,1891538,289,12,5,Local,React,3.9,Yes,4,2,Medium
Web,2863999,131,14,3,Foreign,Spring,4.6,No,2,3,Medium
API-only,1220488,252,4,4,Foreign,React,1.7,Yes,5,1,Medium
Mobile,919065,88,12,3,Local,Django,2.5,No,4,1,Low
Web,3284372,276,14,0,Foreign,Laravel,5.5,No,3,2,Medium
ERP,4725889,157,6,3,Local,React,3.2,Yes,5,0,Low
API-only,1963807,312,9,2,Local,Django,4.7,No,2,1,Medium
Web,3592195,354,9,3,Local,Django,3.0,Yes,4,1,Low
Web,2116449,54,5,3,Foreign,Flask,3.4,No,5,2,Low
API-only,789102,160,13,1,Local,Spring,5.6,No,4,1,Low
Web,1836737,225,12,1,Local,Flask,4.0,No,4,2,Low
Mobile,3560006,310,12,4,Local,Laravel,3.1,No,4,0,Medium
Web,2877074,183,2,0,Foreign,Spring,2.7,No,2,1,Medium
Mobile,3297753,162,2,2,Local,Laravel,2.8,No,5,1,Medium
Mobile,1590805,256,5,3,Foreign,Flask,5.0,Yes,1,0,Medium
API-only,4943778,218,7,1,Foreign,Django,4.4,Yes,1,1,Medium
Web,4662065,294,9,0,Local,Laravel,2.1,No,2,1,Medium
API-only,3510087,163,7,3,Foreign,Spring,3.6,Yes,2,0,Medium
Web,760116,240,13,2,Foreign,Spring,3.4,No,4,2,Medium
Web,3468462,89,10,1,Local,Laravel,3.9,Yes,5,0,Low
ERP,3542146,242,10,2,Local,Spring,2.8,Yes,5,2,Medium
Web,3118137,245,3,1,Local,Django,4.8,No,3,2,Medium
API-only,4714279,255,11,0,Foreign,Django,3.5,Yes,3,1,Medium
Mobile,4852099,160,2,2,Local,Spring,3.9,No,1,0,Medium
Web,4062223,105,3,0,Foreign,Laravel,2.6,Yes,3,1,Medium
ERP,1757949,315,6,3,Foreign,Flask,2.6,No,3,1,Medium
API-only,3471981,306,5,2,Foreign,Spring,6.7,Yes,1,2,Medium
Web,4350241,185,5,4,Foreign,Spring,5.7,No,1,1,Medium
API-only,4459076,277,10,1,Foreign,Spring,3.4,Yes,3,1,Medium
ERP,4234340,247,12,0,Local,Spring,5.3,No,5,0,Medium
ERP,3821765,219,9,0,Local,Laravel,5.0,Yes,3,1,Medium
API-only,888076,192,7,4,Foreign,Flask,2.7,No,4,1,Medium
Web,3609244,209,2,0,Foreign,Flask,2.6,Yes,4,2,Medium
Mobile,2698611,63,3,5,Local,React,4.3,No,4,3,Medium
ERP,2460826,70,7,0,Local,Spring,3.8,Yes,2,0,Low
Web,3344664,336,12,3,Foreign,Spring,3.0,No,4,0,Medium
Web,3113275,343,3,2,Foreign,React,4.4,No,5,0,Medium
Mobile,1878369,104,14,1,Local,Flask,1.8,No,2,2,Medium
ERP,2923970,308,11,1,Local,Angular,3.6,No,2,2,Medium
ERP,2590212,205,6,1,Foreign,Django,2.0,Yes,4,0,Medium
Web,4671774,179,6,2,Local,Angular,2.1,Yes,3,3,Medium
Web,2741984,302,7,3,Local,Flask,2.7,Yes,1,0,Medium
Mobile,652999,354,7,2,Foreign,Spring,3.9,No,3,0,Medium
Mobile,561367,137,7,3,Foreign,Angular,2.7,No,3,2,Medium
ERP,1253315,168,3,3,Foreign,Laravel,2.0,No,2,2,High
API-only,3505334,300,11,1,Local,Laravel,4.1,No,2,1,Medium
ERP,3354190,318,14,2,Foreign,React,5.3,No,2,1,High
Web,1784382,241,4,2,Local,Flask,4.3,Yes,5,1,Low
ERP,4353321,301,7,2,Foreign,Flask,5.7,Yes,5,2,Medium
API-only,3154837,95,14,4,Foreign,Angular,5.2,Yes,1,2,Medium
Mobile,3984239,277,9,1,Local,Spring,2.9,No,2,2,Medium
API-only,1542377,185,13,0,Local,Flask,4.3,No,4,1,Low
API-only,3757181,76,14,1,Foreign,Angular,3.4,No,2,3,Medium
API-only,1423780,230,12,2,Foreign,Angular,4.8,No,5,3,Medium
Mobile,3366451,177,13,0,Local,Django,3.4,No,2,3,Medium
API-only,2968152,153,2,1,Foreign,Django,2.6,No,5,1,Medium
API-only,4907871,30,2,0,Local,Flask,5.1,No,2,0,Medium
API-only,2442811,276,12,2,Local,Angular,3.9,Yes,4,2,Low
Web,798090,157,14,2,Foreign,React,2.7,Yes,1,0,Medium
API-only,817348,220,3,3,Local,React,2.9,No,4,0,Medium
Mobile,1826283,96,12,0,Local,Django,2.7,No,5,1,Low
API-only,592324,33,13,5,Local,Flask,2.3,No,3,1,Medium
API-only,2820688,332,13,5,Foreign,Spring,2.9,Yes,4,1,Medium
Mobile,2305808,323,7,1,Local,React,3.9,Yes,2,0,Low
API-only,1820567,172,10,4,Foreign,React,3.6,No,1,1,Medium
Mobile,4720459,220,5,2,Foreign,Django,3.0,Yes,2,3,Medium
API-only,4515470,50,4,3,Foreign,Django,5.3,Yes,2,0,Medium
Mobile,3777419,256,13,2,Local,Flask,1.1,Yes,4,0,Medium
API-only,4122138,342,9,3,Local,Django,3.9,No,1,3,Medium
API-only,3040476,146,12,2,Foreign,Laravel,3.3,Yes,3,1,Low
Web,4729011,331,11,2,Foreign,Angular,2.3,Yes,2,2,Medium
Web,1437841,171,10,2,Local,React,3.9,No,1,1,Low
API-only,2067053,68,13,2,Foreign,Laravel,3.2,No,3,0,Low
API-only,2416545,281,12,0,Foreign,Spring,5.0,Yes,2,2,Medium
ERP,3343940,362,6,4,Local,Laravel,4.5,No,1,0,High
