project_type,budget_rs,duration_days,team_size,scope_changes,client_type,technology_stack,developer_experience_avg,agile_practice,client_rating,past_delays,actual_risk_level
Embedded,2547279,73,11,2,International,Vue,2.7,Yes,1,2,Medium
Web,1288894,61,12,5,International,Laravel,2.0,No,5,1,Low
Web,3433432,225,3,0,International,Django,2.6,No,5,1,Medium
Embedded,3304118,339,6,5,International,Django,1.7,No,4,0,Low
Web,2416009,190,10,0,Local,Django,1.7,No,4,2,Medium
Web,4699854,316,9,4,International,Angular,1.7,Yes,2,0,High
Embedded,1391648,103,7,0,International,Laravel,1.7,No,1,2,Low
Mobile,2435620,323,4,2,International,Vue,4.2,No,1,2,Medium
Web,1860109,257,7,0,Local,Django,2.1,Yes,3,2,Low
Mobile,3898644,284,19,3,International,Vue,2.6,No,1,0,Low
Mobile,4036802,125,13,5,Local,Django,1.8,No,1,1,High
Desktop,1406463,90,5,5,Local,React,2.0,No,1,0,Medium
Desktop,4667448,135,18,1,Local,Vue,3.1,No,3,2,Medium
Desktop,911279,126,13,4,Local,Django,5.0,No,1,1,Low
Desktop,4525480,362,14,5,Local,Angular,4.0,Yes,4,2,High
Web,4967269,207,16,4,Local,React,3.1,No,2,0,High
Embedded,4553639,258,17,3,International,Django,3.3,No,5,1,Medium
Embedded,2136690,350,6,3,Local,Django,3.8,No,5,3,Low
Desktop,857155,52,10,5,International,Laravel,4.2,Yes,4,3,Low
Desktop,3643203,322,5,0,International,Vue,3.7,Yes,4,3,Low
Desktop,1527102,253,14,3,Local,Laravel,4.8,Yes,2,3,Medium
Desktop,4283532,147,20,1,International,Angular,4.8,No,3,0,Medium
Mobile,972517,288,13,1,Local,Laravel,4.1,No,3,0,Medium
Web,2692573,146,9,3,International,Laravel,3.9,Yes,4,0,Medium
Embedded,4169652,86,4,0,Local,React,1.3,No,5,1,Medium
Mobile,2990857,214,18,2,Local,Django,4.1,Yes,2,1,High
Desktop,3532031,262,5,5,International,React,1.8,No,4,3,Medium
Embedded,4666016,224,19,1,Local,Laravel,3.5,Yes,5,1,Medium
Desktop,1099769,99,18,5,International,Angular,1.4,No,5,1,High
Embedded,2669972,243,9,4,Local,Laravel,3.1,Yes,4,2,Low
Mobile,2474698,200,17,4,Local,Vue,1.6,No,1,3,High
Embedded,1331499,230,10,0,Local,Laravel,1.3,No,3,3,High
Mobile,2731623,49,17,2,Local,Django,2.5,Yes,1,0,Medium
Mobile,2475203,314,6,5,International,Laravel,3.1,No,2,0,Medium
Embedded,3204995,295,14,0,Local,React,4.7,Yes,5,3,Low
Mobile,720982,132,13,0,Local,React,1.0,No,1,1,Low
Web,1512882,363,11,5,Local,Vue,4.6,No,3,2,High
Mobile,1594373,80,19,5,International,Angular,3.3,No,1,1,Low
Embedded,3006920,92,14,4,International,Laravel,3.1,No,3,3,Low
Desktop,2699238,239,9,0,International,Django,1.9,No,3,2,Low
Desktop,590620,136,20,5,Local,Django,4.2,No,1,1,Low
Embedded,3406574,274,15,5,International,Vue,2.4,Yes,1,2,Low
Desktop,2955855,356,13,0,International,Vue,1.6,No,4,3,Low
Mobile,1252637,365,12,3,Local,Vue,2.7,No,4,2,High
Desktop,4588306,104,18,5,International,Angular,4.8,No,3,0,Low
Web,2139132,61,3,0,Local,React,3.3,No,3,0,Low
Web,4003759,278,4,2,International,Angular,3.6,No,2,2,High
Web,3662419,258,7,2,Local,Angular,2.7,Yes,3,1,Medium
Mobile,3287145,71,8,5,International,Vue,3.4,No,1,1,High
Embedded,3369253,314,5,1,Local,Angular,2.2,Yes,1,2,Low
Desktop,2639411,140,16,3,Local,Laravel,4.8,No,3,2,High
Mobile,2587122,172,6,2,Local,Laravel,1.0,Yes,2,1,High
Desktop,2215344,31,18,1,International,Laravel,2.7,No,3,2,Medium
Mobile,1856778,256,8,3,International,Django,1.1,No,2,3,Low
Web,4195594,294,19,0,Local,Vue,2.2,Yes,1,3,High
Web,804996,40,20,4,International,Laravel,4.8,Yes,1,3,Low
Embedded,1386243,128,10,3,Local,Vue,3.0,No,3,0,High
Embedded,4864803,63,14,3,Local,Laravel,2.8,No,4,2,Low
Web,2874183,267,9,4,Local,Angular,1.8,No,2,2,High
Desktop,2014692,359,12,1,Local,Laravel,4.5,Yes,2,0,High
Embedded,2614003,82,20,3,Local,Angular,4.8,No,3,0,High
Mobile,1985577,160,20,2,Local,Vue,4.3,No,2,2,High
Web,1173209,222,13,4,International,React,3.7,No,4,1,Medium
Web,1379866,103,8,3,Local,Django,4.2,Yes,1,3,Medium
Embedded,3322712,103,19,3,International,Laravel,2.1,No,1,3,Medium
Embedded,1052378,45,4,1,International,Vue,3.8,No,3,3,Low
Desktop,807517,144,9,0,Local,Angular,3.6,Yes,3,1,High
Desktop,932962,286,16,3,International,Django,4.1,Yes,4,2,High
Mobile,508667,328,10,1,International,Vue,3.2,No,4,2,Medium
Embedded,2082148,319,4,0,Local,Django,4.0,Yes,4,0,Medium
Web,1829699,176,20,1,International,Laravel,4.5,No,5,1,Medium
Mobile,1166032,131,20,1,International,Angular,3.8,Yes,5,2,High
Embedded,1899982,310,3,2,Local,React,1.0,No,3,2,High
Embedded,4610532,76,12,0,International,React,2.5,No,2,0,Low
Mobile,2930621,219,5,5,Local,Laravel,4.6,No,2,0,Medium
Desktop,4960405,228,7,3,Local,Laravel,4.6,No,5,0,Medium
Desktop,2042124,305,16,5,Local,Django,4.2,No,3,0,Medium
Embedded,3543214,193,7,4,Local,Angular,2.7,Yes,3,3,Medium
Web,4535092,275,5,3,Local,Vue,4.3,Yes,1,1,High
Desktop,2337509,175,9,3,Local,Vue,2.8,No,1,1,High
Web,2577999,89,8,4,International,React,2.3,Yes,2,1,High
Desktop,4248302,278,10,2,Local,React,1.9,No,5,3,High
Web,3345305,167,12,3,International,Laravel,3.5,Yes,2,2,Medium
Embedded,4667851,344,17,2,International,Angular,2.8,No,2,2,Low
Web,3347817,338,10,2,Local,Angular,2.8,Yes,3,0,Medium
Web,4833276,152,14,1,Local,React,1.1,Yes,1,3,Medium
Desktop,2184754,181,7,1,Local,Laravel,3.8,No,3,2,Medium
Mobile,3490169,284,15,5,International,Django,1.9,Yes,3,0,Medium
Desktop,3670930,336,16,5,International,Vue,2.2,No,5,3,High
Web,1137712,93,9,3,Local,Angular,3.2,Yes,5,0,High
Web,3419674,131,15,3,International,Angular,2.5,Yes,1,2,High
Embedded,4329365,343,15,4,Local,Vue,4.2,Yes,2,0,Medium
Embedded,613723,316,15,5,Local,React,3.0,Yes,3,0,Low
Web,4984594,319,4,5,International,React,2.2,No,2,3,Low
Mobile,3136645,57,20,1,Local,Angular,4.0,Yes,4,1,Medium
Web,2020489,114,9,4,Local,Django,5.0,No,3,0,Low
Embedded,1325164,73,5,4,International,Angular,2.4,Yes,2,2,High
Embedded,4805791,33,12,2,Local,React,4.5,Yes,4,0,Medium
Web,4404340,277,5,2,International,React,2.6,No,4,3,Low
Mobile,1693343,158,7,3,Local,Angular,2.9,No,2,1,High
Web,665490,360,7,0,Local,Vue,4.7,Yes,1,0,Medium
Desktop,2106931,145,16,4,International,Django,1.9,No,2,1,Medium
Desktop,2334041,125,4,3,Local,React,5.0,Yes,3,3,Low
Mobile,1221179,300,10,4,International,Laravel,2.5,Yes,1,1,Low
Web,1848606,282,19,5,International,Django,1.3,No,2,2,Low
Embedded,2086176,154,17,0,International,React,2.9,No,5,0,Medium
Desktop,2452064,344,13,1,International,Vue,1.9,No,2,1,Low
Web,1748784,205,4,0,International,Vue,1.9,No,5,2,Low
Mobile,2461072,173,14,4,International,React,1.3,No,3,2,Medium
Web,1477690,301,10,4,Local,Vue,4.3,Yes,4,1,High
Desktop,4179995,244,16,2,International,Laravel,2.7,Yes,4,2,High
Desktop,1847727,155,3,3,Local,Vue,4.5,No,3,2,High
Web,2921833,247,17,5,Local,Angular,1.7,Yes,5,3,High
Web,3652550,233,11,2,Local,React,3.1,Yes,4,3,High
Web,3742281,52,20,0,Local,Laravel,3.3,No,1,1,Low
Web,4488567,69,20,3,Local,Laravel,1.5,No,3,1,Medium
Desktop,3668898,307,4,0,Local,React,3.6,Yes,5,2,High
Web,4197787,310,9,2,Local,Vue,2.5,Yes,5,0,High
Embedded,1994603,231,19,4,International,React,4.7,Yes,5,1,Medium
Mobile,1552668,201,15,1,Local,Laravel,4.1,No,3,1,Medium
Web,4525853,312,19,3,International,React,2.5,Yes,1,1,High
Mobile,3786302,280,14,0,Local,Vue,1.2,Yes,5,0,Low
Web,2196805,352,14,1,International,Django,2.5,No,5,0,Medium
Desktop,4272485,113,5,1,International,Vue,3.4,Yes,4,2,High
Desktop,2398556,162,3,0,Local,Angular,3.8,No,4,1,High
Embedded,718560,296,7,3,International,React,3.6,Yes,4,0,Low
Embedded,1052720,175,9,3,International,Laravel,2.3,Yes,1,1,Medium
Web,1442431,301,20,5,International,React,2.9,Yes,4,3,Low
Web,1083429,285,16,4,Local,React,3.9,Yes,4,3,High
Desktop,1176447,239,10,3,International,Laravel,3.0,No,4,0,High
Mobile,751065,136,8,5,Local,Django,1.6,Yes,5,3,High
Web,4483116,342,19,4,Local,React,2.5,Yes,5,1,Low
Embedded,1878089,179,6,2,Local,Vue,1.9,Yes,2,1,High
Mobile,4377279,285,13,0,Local,Django,2.4,Yes,3,3,High
Web,1875913,318,12,3,International,Laravel,1.6,No,4,0,Low
Mobile,3682206,259,4,2,International,Vue,3.9,No,2,1,Low
Web,553221,246,3,4,Local,Django,3.2,Yes,3,0,Medium
Embedded,702129,325,19,3,International,Laravel,2.9,Yes,3,0,Low
Mobile,1788901,113,8,3,International,Angular,1.8,Yes,2,2,Low
Embedded,4190355,274,5,2,Local,Angular,4.1,No,5,3,High
Web,1345787,311,13,2,International,React,1.8,No,4,1,High
Desktop,3547291,275,6,0,Local,React,3.3,Yes,4,2,Low
Mobile,4284707,214,12,0,International,Angular,1.5,Yes,1,1,High
Embedded,2636466,125,11,2,Local,Angular,4.9,Yes,2,0,High
Desktop,2249423,332,19,4,Local,Angular,4.2,No,4,0,Medium
Web,1832724,325,19,3,Local,Django,2.0,Yes,4,2,High
Desktop,4885283,133,11,5,International,React,4.3,No,2,2,High
Web,4258223,80,5,4,International,Angular,3.9,No,5,0,High
Desktop,2172607,147,14,4,International,Django,3.4,No,4,0,High
Web,1512089,96,6,1,International,Vue,1.3,Yes,2,2,Medium
Web,4082603,285,7,2,International,Laravel,1.4,No,1,3,High
Web,1156192,192,6,4,Local,Laravel,4.5,Yes,3,2,Low
Embedded,3561624,180,4,0,International,Angular,5.0,No,3,3,Low
Embedded,926566,317,7,5,International,Laravel,3.9,No,4,3,Medium
Desktop,3790465,108,9,5,Local,Laravel,3.9,Yes,3,2,High
Mobile,3610155,121,20,1,International,React,2.1,No,5,1,Medium
Embedded,2379764,250,14,2,International,Laravel,2.0,No,2,1,Medium
Web,2677946,122,3,1,Local,React,3.5,No,2,1,High
Web,4174758,301,8,1,International,Vue,4.9,Yes,1,2,High
Embedded,1886060,341,10,2,International,Angular,2.2,No,4,1,Medium
Desktop,3127441,256,20,4,Local,Laravel,2.4,Yes,5,1,Low
Web,3913899,312,12,4,International,Vue,3.4,Yes,5,1,Medium
Embedded,4946330,86,8,4,International,Angular,1.2,Yes,3,0,Low
Desktop,4028530,48,10,5,Local,Laravel,2.9,No,2,0,Low
Desktop,2279647,64,7,3,International,Vue,2.6,No,5,3,Medium
Desktop,2851780,38,20,0,Local,Angular,4.6,Yes,2,1,Medium
Embedded,3734007,246,10,0,Local,Angular,4.3,Yes,2,0,Low
Web,844974,361,4,3,International,Laravel,4.5,Yes,2,2,Medium
Desktop,2412507,51,17,2,International,Laravel,3.9,Yes,3,1,Low
Embedded,2659307,30,9,2,International,Laravel,2.2,Yes,2,1,High
Web,3126784,146,5,2,Local,Vue,3.4,Yes,1,0,Low
Embedded,3532583,84,13,4,International,Angular,3.1,No,5,1,High
Embedded,3850590,53,9,3,International,Laravel,2.4,Yes,3,0,Low
Mobile,4080894,244,12,3,International,React,3.0,No,5,3,Low
Desktop,4925970,213,15,3,Local,Django,1.7,Yes,3,0,Medium
Mobile,1482152,268,10,5,International,Laravel,3.2,No,3,3,Low
Web,1705838,176,15,1,International,Angular,2.0,No,4,2,Medium
Desktop,4343833,147,4,4,International,Django,1.7,No,1,0,Low
Mobile,829844,244,8,1,International,Laravel,2.5,Yes,5,2,Medium
Web,3789571,219,10,1,International,React,3.7,Yes,4,2,Low
Desktop,4087919,97,10,0,International,Vue,1.1,No,5,2,Low
Desktop,3505505,72,17,5,Local,Vue,2.0,No,4,2,High
Desktop,3354588,40,4,4,International,Angular,2.3,No,2,2,High
Embedded,4684040,263,4,2,International,Django,3.2,Yes,4,0,Low
Embedded,588326,236,5,5,Local,Angular,1.6,No,4,0,Medium
Mobile,4174194,168,4,3,International,Angular,3.7,No,1,2,Low
Desktop,2417844,314,6,0,International,Vue,3.2,No,4,1,Low
Desktop,2924237,210,16,3,Local,Angular,4.9,Yes,3,3,Medium
Desktop,2822803,78,12,2,International,Vue,3.8,No,5,1,Medium
Mobile,3009418,226,12,0,International,Django,3.8,No,4,2,High
Web,871974,285,20,1,Local,React,3.0,Yes,1,2,Low
Mobile,3545292,198,6,0,International,Angular,3.6,Yes,3,0,High
Web,3454758,38,8,2,Local,Angular,4.2,No,1,3,High
Embedded,3338470,151,15,0,Local,React,1.1,Yes,1,3,High
Web,2744389,186,12,4,International,React,4.4,Yes,2,0,Medium
Embedded,3327432,306,11,2,International,React,4.6,Yes,4,0,Low
Embedded,3051167,247,11,0,International,Django,4.3,Yes,3,1,High
Embedded,3792541,135,18,2,Local,Django,2.4,No,4,1,Low
Mobile,746758,77,10,2,International,Laravel,3.6,No,2,2,Medium
Mobile,2703475,140,4,0,International,Django,3.7,Yes,2,3,Medium
Web,4057118,128,19,3,International,Laravel,1.7,Yes,3,0,Medium
Web,3103114,51,4,0,International,React,1.5,Yes,3,0,Medium
Web,1191668,161,10,5,International,Laravel,2.2,No,2,0,Low
Embedded,1428611,98,5,3,International,Angular,4.3,No,5,1,High
Desktop,3086892,83,6,3,International,React,2.0,No,3,2,Low
Web,2070194,53,13,0,International,React,1.0,No,2,1,High
Mobile,2667772,180,18,4,Local,React,5.0,Yes,5,0,Medium
Mobile,4162432,344,19,2,Local,React,1.4,Yes,3,3,High
Web,3110554,245,4,0,Local,Laravel,4.4,No,5,1,Low
Web,1935336,167,15,5,International,Vue,1.5,Yes,1,0,Low
Web,3788331,219,5,0,International,Angular,2.3,No,3,3,Low
Desktop,985215,69,3,0,Local,React,2.0,Yes,4,3,High
Web,4686380,208,17,0,Local,Django,1.4,No,4,0,Low
Web,4933795,40,16,0,Local,Vue,4.1,Yes,2,1,Medium
Web,1953879,340,10,2,Local,Vue,1.1,No,5,0,High
Mobile,1049989,41,7,4,Local,Laravel,3.8,No,2,3,Low
Desktop,1575190,126,5,2,International,Django,1.9,No,5,1,Low
Mobile,2144619,207,5,1,Local,React,4.6,No,3,3,High
Web,633856,143,17,0,Local,Django,3.3,No,1,3,Low
Mobile,4565755,351,4,0,International,Vue,1.7,Yes,3,3,Low
Mobile,2411011,349,12,3,Local,Laravel,4.9,Yes,2,1,Medium
Web,1467860,44,7,0,International,Laravel,4.1,No,2,0,High
Desktop,1500514,82,16,2,Local,Vue,4.0,Yes,4,1,Medium
Embedded,1592126,151,9,2,International,Vue,1.7,Yes,3,3,High
Embedded,2059330,153,9,1,International,Laravel,1.9,No,5,0,Low
Embedded,1723102,91,5,4,International,Vue,4.2,Yes,2,2,High
Web,1876838,158,16,4,International,Vue,3.7,No,3,1,Low
Web,4326668,90,12,4,International,Laravel,4.0,Yes,1,2,Low
Desktop,851039,344,5,5,Local,Vue,4.2,No,5,3,Medium
Embedded,4242351,119,12,0,International,Django,2.3,Yes,2,3,High
Mobile,635377,86,15,4,Local,Angular,1.2,Yes,1,2,High
Mobile,4398431,256,20,0,Local,Django,3.6,No,1,1,High
Embedded,3442029,332,4,4,Local,Angular,3.7,No,4,1,Low
Embedded,4608431,165,5,5,Local,Vue,3.0,Yes,1,0,Medium
Mobile,731244,178,10,2,Local,Vue,3.6,No,5,2,Low
Desktop,3872569,291,12,0,Local,Angular,5.0,Yes,5,3,Medium
Desktop,1996655,169,5,3,Local,Laravel,2.2,No,3,1,High
Desktop,4921585,135,7,3,International,Laravel,4.7,Yes,1,0,High
Desktop,1640732,207,11,4,International,Laravel,1.1,No,1,2,High
Mobile,840869,313,17,0,International,Angular,2.8,Yes,1,3,High
Web,2590608,247,16,3,International,Django,4.7,Yes,5,3,Low
Mobile,2600959,156,4,0,International,Laravel,1.1,No,1,3,Low
Mobile,3549506,324,5,3,Local,React,1.7,Yes,1,3,Low
Web,982004,258,8,0,Local,Vue,1.7,Yes,5,1,Medium
Desktop,684406,193,19,3,Local,Vue,4.8,No,4,1,High
Web,970526,331,7,1,Local,Angular,4.4,No,2,3,High
Web,1052213,324,18,3,International,React,2.6,No,2,2,High
Desktop,1137306,197,10,3,Local,Django,1.7,No,3,2,High
Mobile,2133554,164,3,5,Local,React,2.5,No,1,0,High
Embedded,1184839,115,15,4,International,Vue,3.4,No,3,2,Medium
Embedded,3620539,325,5,0,International,Vue,2.4,Yes,4,2,Medium
Web,4244295,264,20,1,International,Laravel,3.6,No,1,1,High
Embedded,4367038,126,13,3,International,Vue,1.4,Yes,1,1,High
Desktop,3689991,63,18,0,International,React,2.4,Yes,2,3,High
Web,4865842,132,15,3,International,Angular,3.1,Yes,1,1,Medium
Embedded,3281856,304,11,5,International,Laravel,2.7,No,4,2,Medium
Embedded,3238164,168,14,2,Local,Vue,2.8,Yes,5,1,Medium
Mobile,1584221,338,8,5,International,Django,2.5,No,5,2,High
Desktop,1820171,203,16,4,International,React,3.9,No,3,1,Low
Web,4506980,65,10,3,International,React,3.4,Yes,2,3,Medium
Desktop,1754011,185,20,2,Local,Angular,1.1,No,5,2,Low
Mobile,1127895,92,15,0,International,Laravel,3.1,Yes,1,2,High
Desktop,3461989,321,19,3,Local,Django,2.3,Yes,3,2,Medium
Desktop,4993995,50,5,3,International,Laravel,4.9,Yes,3,0,High
Web,4695989,349,11,3,Local,React,2.2,Yes,5,3,High
Web,3506707,261,19,0,International,Laravel,4.8,Yes,4,3,Low
Mobile,2689507,132,19,2,Local,Laravel,2.0,No,4,2,High
Embedded,4668972,54,3,4,International,Django,1.9,Yes,2,3,Low
Embedded,598673,134,15,1,International,Django,2.1,No,4,3,Low
Desktop,4441333,63,15,0,International,Django,2.2,Yes,4,0,Low
Web,2433305,316,19,4,Local,Laravel,4.6,Yes,3,1,Low
Embedded,1413922,207,4,0,Local,Laravel,4.1,No,4,1,Medium
Desktop,1663359,60,5,4,Local,Django,2.2,Yes,5,2,Low
Mobile,2134501,42,11,2,International,Vue,3.3,Yes,2,3,Medium
Embedded,1115619,223,13,1,International,Vue,3.3,Yes,1,3,Medium
Desktop,728730,188,17,0,Local,Laravel,2.1,No,3,1,Medium
Embedded,3766906,173,20,0,Local,React,2.0,No,3,3,High
Desktop,3975363,314,4,5,International,Vue,4.6,Yes,1,0,High
Embedded,4631885,283,14,2,International,Laravel,4.6,No,1,2,Medium
Web,4414872,357,10,4,Local,Angular,4.4,No,1,0,Low
Desktop,998797,160,11,3,International,Django,2.5,Yes,5,2,Low
Mobile,2022757,135,3,4,Local,Angular,2.4,No,1,2,High
Embedded,761620,299,19,4,Local,Laravel,2.1,No,5,1,Medium
Embedded,2126243,55,3,1,International,React,4.6,No,4,1,High
Mobile,4454284,151,17,4,International,Laravel,2.5,Yes,4,2,Medium
Web,1969612,318,3,3,International,Django,2.7,Yes,4,0,Low
Embedded,1869629,281,8,5,Local,Vue,1.3,No,4,2,High
Embedded,2860084,168,3,1,Local,Django,3.2,Yes,2,0,High
Embedded,719881,36,19,1,Local,React,1.7,No,2,1,Medium
Embedded,512609,50,13,1,International,Vue,1.1,No,4,0,Medium
Mobile,4535255,236,19,1,International,React,1.3,Yes,2,2,Low
Embedded,2781992,236,18,2,International,Angular,3.9,No,3,3,Medium
Embedded,4977155,201,9,0,Local,Laravel,3.7,No,5,1,Low
Embedded,4023800,296,3,3,Local,Vue,2.9,No,4,3,Medium
Mobile,2253223,101,3,3,International,Django,3.6,No,4,3,Medium
Desktop,2634727,147,9,0,Local,Django,1.0,Yes,1,2,Medium
Mobile,1033953,338,16,0,Local,Laravel,2.2,No,3,1,Low
Embedded,2896930,278,13,2,International,Vue,1.0,No,2,0,Medium
Desktop,3726299,225,16,3,Local,Django,4.7,No,2,2,High
Embedded,1249299,332,17,2,International,Laravel,4.0,Yes,4,3,High
Mobile,1263843,101,6,3,International,React,4.6,Yes,5,3,Low
Mobile,2350441,313,6,4,Local,Vue,3.3,No,4,1,High
Embedded,3261993,364,4,5,International,Laravel,4.3,Yes,1,1,Medium
Embedded,4423324,145,9,0,International,Angular,4.0,Yes,1,0,Low
Mobile,2582812,194,15,5,International,Django,1.2,Yes,2,0,Medium
Desktop,3920146,175,20,0,International,React,1.7,No,3,1,High
Desktop,3875462,47,9,0,Local,Laravel,3.8,No,2,0,Medium
Desktop,4518531,306,5,1,Local,React,2.8,No,2,1,Low
Mobile,2952723,290,17,3,International,Vue,2.5,Yes,2,1,Medium
Mobile,3688923,117,14,2,International,Laravel,3.6,Yes,3,3,Medium
Desktop,1723280,82,9,2,International,Vue,2.6,No,1,1,High
Mobile,1688832,278,5,4,Local,Django,3.3,Yes,1,0,Medium
Web,4919426,343,7,5,International,React,2.5,No,4,0,High
Mobile,770024,170,4,5,International,React,2.4,Yes,3,1,High
Desktop,4654871,145,5,2,Local,Laravel,4.3,No,5,0,Low
Embedded,2531917,358,7,4,International,Laravel,2.6,No,4,0,High
Web,2292072,277,11,3,International,Django,3.5,Yes,5,1,Medium
Web,2496485,160,14,1,Local,Laravel,2.9,No,5,0,Medium
Desktop,4446060,250,16,1,Local,Vue,1.1,Yes,1,3,Medium
Desktop,4864941,47,5,4,Local,Angular,2.2,No,2,0,High
Mobile,4738352,283,8,0,International,React,3.1,No,2,3,Medium
Mobile,603419,157,20,3,International,Laravel,1.1,Yes,3,2,Medium
Web,3472432,78,20,3,Local,Django,3.4,No,4,0,High
Desktop,4626772,107,6,1,International,Laravel,3.6,No,5,1,Low
Desktop,2317665,64,10,1,Local,Laravel,2.3,No,2,3,Low
Mobile,1759677,288,12,4,International,Vue,4.0,No,3,1,Low
Embedded,3539507,274,12,4,International,Laravel,2.1,Yes,3,1,Low
Mobile,3956574,209,4,5,Local,Django,3.7,Yes,2,3,Medium
Desktop,3805594,120,17,1,Local,Django,3.3,Yes,1,2,High
Mobile,1598471,338,4,5,Local,Laravel,2.5,Yes,3,1,Low
Mobile,2477863,88,7,2,Local,Django,1.6,Yes,4,2,High
Embedded,2500729,236,6,4,International,Laravel,2.0,Yes,5,2,High
Web,4524962,94,9,3,Local,Django,4.5,No,4,3,High
Web,3534997,122,19,3,International,Laravel,3.0,Yes,4,0,Medium
Mobile,2240913,253,9,2,Local,React,4.9,Yes,1,2,Low
Embedded,4638471,346,14,2,International,Angular,1.3,No,3,1,High
Web,2209880,157,7,1,International,Laravel,4.6,Yes,3,0,High
Desktop,2792131,94,14,4,Local,Django,4.6,Yes,4,0,High
Embedded,1966662,216,9,4,International,Laravel,1.9,No,3,2,Low
Desktop,2143089,188,8,3,Local,Django,2.8,No,4,3,Medium
Desktop,2861533,274,8,2,International,Laravel,2.9,No,1,1,Low
Mobile,4341500,358,19,2,International,React,4.5,No,2,1,Low
Web,4770295,243,12,1,Local,Laravel,3.3,No,3,0,High
Mobile,3243714,187,16,2,International,React,2.5,Yes,5,1,Low
Mobile,585782,347,13,0,Local,Laravel,1.3,Yes,5,0,High
Desktop,1543300,134,10,3,International,Laravel,2.5,Yes,2,3,Medium
Embedded,4071058,275,19,3,Local,Vue,3.2,Yes,1,3,High
Web,1943597,54,18,3,International,Laravel,4.3,No,5,3,Low
Embedded,4606065,72,4,5,International,React,4.5,Yes,1,1,Low
Desktop,1709047,102,17,2,Local,Laravel,2.8,No,4,2,Medium
Embedded,2940648,76,13,0,International,Angular,4.5,Yes,4,0,Low
Embedded,2708480,219,17,4,Local,Angular,1.4,No,2,2,Medium
Web,830297,45,20,2,Local,Django,2.4,No,2,3,Low
Mobile,3394173,202,5,1,International,Laravel,4.2,No,4,2,High
Embedded,2630961,198,3,1,International,Django,1.6,Yes,1,3,Low
Embedded,4151251,133,20,1,International,Angular,4.7,No,5,2,High
Embedded,803211,181,9,1,International,Angular,4.2,No,5,0,High
Web,3622044,40,3,3,Local,Laravel,2.1,Yes,5,0,High
Web,3886494,182,5,4,Local,Django,3.5,Yes,2,3,High
Desktop,3410937,77,10,1,International,Angular,3.4,No,3,0,Low
Embedded,3847110,178,13,2,Local,Angular,3.9,No,3,3,Medium
Embedded,2425280,45,8,1,International,React,4.6,Yes,4,2,High
Web,4240273,293,11,1,Local,Vue,2.8,Yes,4,2,Low
Web,4216731,61,14,2,International,Django,2.6,Yes,2,1,Low
Mobile,2500069,52,3,0,International,Vue,1.9,Yes,2,0,Medium
Web,4719465,237,16,1,International,React,4.4,No,5,3,Low
Desktop,3044226,169,17,0,Local,Vue,4.9,Yes,5,2,High
Desktop,4289626,66,4,4,Local,Django,3.2,No,1,2,Low
Mobile,2922582,105,14,3,Local,Angular,3.3,No,1,2,High
Mobile,3420937,91,10,3,Local,Angular,3.7,Yes,4,3,Low
Web,2780991,126,3,0,International,Angular,3.4,Yes,5,3,Medium
Mobile,4796361,51,11,5,International,Laravel,4.9,Yes,5,2,Low
Embedded,1706991,268,9,3,Local,Django,2.6,No,2,2,Medium
Web,4340053,123,4,1,International,Vue,1.3,Yes,2,0,Low
Mobile,4457289,323,17,0,Local,Laravel,4.6,Yes,5,1,Low
Mobile,4953595,290,18,5,International,Angular,4.0,No,5,1,Medium
Web,4429866,77,18,5,International,Angular,4.5,No,5,3,Low
Mobile,1975268,224,6,4,International,Angular,2.2,Yes,3,0,Medium
Web,4284031,216,14,5,International,React,3.5,No,2,1,Low
Web,3048621,84,8,5,International,React,1.8,Yes,5,2,Medium
Web,3734856,245,4,4,International,Vue,1.3,No,3,0,Low
Mobile,2797813,352,9,3,Local,React,2.4,Yes,3,0,Medium
Desktop,3478945,335,20,1,Local,Vue,2.2,No,1,3,Medium
Embedded,733519,110,4,5,International,Django,2.7,No,4,1,Low
Web,4495255,87,9,3,Local,React,4.6,No,1,3,High
Embedded,2444647,279,9,1,Local,Laravel,3.0,Yes,1,0,Medium
Mobile,4599997,226,10,2,International,React,2.0,No,2,2,Medium
Web,2058670,341,12,1,Local,Angular,4.1,No,4,3,Medium
Embedded,2020732,341,5,0,International,React,1.3,No,5,3,High
Desktop,1343941,267,16,2,Local,Vue,4.6,Yes,5,1,Medium
Web,1490221,88,11,3,International,Laravel,1.3,No,5,2,High
Web,2874633,231,11,0,Local,Angular,3.6,Yes,2,0,High
Mobile,1154149,64,3,4,International,Angular,2.8,No,2,2,Low
Web,4888911,115,7,4,Local,Django,4.5,No,3,1,Medium
Desktop,2828474,209,10,4,Local,Vue,2.1,No,2,1,High
Web,2350044,149,8,2,International,Laravel,2.5,No,3,0,High
Embedded,3109463,93,7,5,Local,Angular,4.2,No,5,3,Low
Embedded,1449286,341,11,5,Local,Angular,2.8,No,2,0,Medium
Desktop,2758245,33,5,5,International,Vue,3.0,No,1,2,Low
Desktop,2132975,108,18,2,Local,Django,1.4,Yes,2,2,Low
Desktop,1821859,282,13,5,International,Django,3.1,No,5,0,High
Embedded,4521190,271,7,0,Local,Angular,4.8,Yes,3,0,Medium
Mobile,2601610,52,10,3,International,Angular,1.3,Yes,5,0,Low
Mobile,1084539,225,17,3,International,Vue,2.4,No,4,0,Low
Mobile,1567780,163,18,3,Local,Laravel,4.9,No,1,0,High
Mobile,4593720,291,8,0,Local,Vue,2.0,Yes,2,1,High
Mobile,923255,76,17,0,International,Laravel,4.1,Yes,1,1,High
Embedded,3113470,108,7,5,Local,Django,4.4,No,2,1,Low
Web,1983291,263,20,0,Local,Angular,3.4,Yes,4,0,Medium
Embedded,1915517,333,13,1,International,Angular,1.8,Yes,1,2,High
Embedded,2334998,310,9,3,Local,Django,3.0,Yes,3,2,Medium
Mobile,1833172,181,13,0,Local,React,2.6,Yes,3,1,Medium
Web,4898006,306,18,4,Local,Vue,2.8,Yes,4,1,High
Desktop,4257539,82,11,0,Local,Angular,3.5,No,5,1,High
Embedded,3850622,339,16,5,International,Vue,5.0,No,4,0,Low
Desktop,3271695,269,9,5,International,Django,4.2,No,1,3,High
Embedded,901971,181,4,1,International,Laravel,4.5,No,4,0,Low
Embedded,3288464,138,16,2,Local,Angular,2.5,No,5,1,Medium
Mobile,2999691,139,11,0,Local,Django,1.1,No,3,1,Medium
Web,3463755,207,8,4,Local,Angular,4.6,No,1,2,High
Embedded,644969,360,12,5,Local,Laravel,2.5,No,3,1,Low
Mobile,2473614,174,14,4,Local,Django,5.0,No,2,1,Low
Desktop,3454965,361,9,2,International,React,1.2,Yes,1,1,High
Mobile,2181876,302,20,3,Local,Vue,4.3,Yes,5,1,Medium
Embedded,3107220,360,4,4,International,Laravel,2.3,No,4,1,Medium
Desktop,4975244,130,8,0,Local,Angular,4.5,No,4,3,Low
Mobile,2107933,359,10,2,International,Vue,3.2,Yes,4,1,Medium
Mobile,3570255,210,9,3,International,Vue,2.8,Yes,3,0,High
Mobile,3274147,361,5,4,Local,React,3.8,Yes,4,0,Medium
Web,745264,263,8,3,Local,Django,2.2,No,3,1,High
Desktop,4543932,311,5,5,Local,Laravel,4.7,No,4,2,Low
Desktop,4408319,277,12,5,International,Laravel,1.5,Yes,1,2,Medium
Web,1495592,339,17,2,Local,React,4.2,Yes,1,2,Medium
Embedded,936979,72,5,3,International,Laravel,2.5,Yes,4,0,High
Web,540376,231,3,0,Local,React,3.0,Yes,3,0,Low
Mobile,660016,146,10,3,International,Angular,1.3,Yes,5,2,High
Web,1577799,329,4,5,Local,Laravel,2.4,Yes,1,1,High
Embedded,4851024,226,11,2,Local,Laravel,3.8,No,3,1,Low
Desktop,2140876,252,9,0,Local,React,4.5,No,5,3,High
Mobile,2200862,152,9,2,International,Laravel,2.0,No,2,3,High
Embedded,3513946,34,3,2,International,React,4.0,Yes,2,2,High
Web,3748063,188,18,3,Local,Angular,3.0,Yes,1,1,High
Web,3069378,342,7,5,Local,Angular,3.0,Yes,3,3,Medium
Mobile,2177101,42,13,1,International,Django,2.1,No,3,2,High
Web,1305899,325,20,4,International,Vue,1.8,Yes,5,0,Medium
Mobile,4541216,325,19,1,International,React,3.2,Yes,4,2,Low
Embedded,4863573,167,18,2,International,Vue,4.8,No,5,3,Medium
Web,1203564,177,5,2,International,Angular,2.6,No,2,2,High
Mobile,3883367,209,8,0,Local,Laravel,1.7,Yes,3,1,High
Mobile,1063467,104,4,4,International,Laravel,2.9,Yes,3,1,High
Web,4653380,225,18,3,International,Laravel,2.1,Yes,5,0,High
Web,2630389,241,13,3,Local,Laravel,2.3,No,2,2,High
Desktop,4219167,160,9,3,International,Laravel,3.2,No,2,3,High
Web,1081747,148,13,0,Local,React,3.8,No,4,2,High
Web,2659224,141,14,3,International,React,1.2,Yes,1,2,High
Web,2950784,44,19,0,International,Django,4.1,No,1,3,High
Mobile,4852343,176,20,2,Local,React,3.0,No,1,2,Low
Web,538943,307,11,1,International,Laravel,3.3,No,2,3,Medium
Mobile,577358,64,9,1,Local,React,4.2,Yes,4,1,High
Desktop,3539203,178,20,0,Local,React,3.6,Yes,2,0,Medium
Mobile,1242515,193,18,0,Local,React,1.7,Yes,4,3,Medium
Desktop,3679547,162,17,3,International,Angular,4.6,No,4,1,Medium
Web,1188003,81,16,1,International,React,4.7,Yes,5,0,Low
Web,3817316,197,11,4,International,Django,2.9,No,5,2,Medium
Mobile,4101652,86,20,5,Local,React,2.4,No,2,1,Medium
Desktop,2814359,297,12,3,Local,React,2.1,Yes,3,0,High
Desktop,1487934,204,11,2,Local,React,5.0,No,2,1,Medium
Mobile,2406487,94,11,1,International,Vue,1.8,Yes,3,1,Low
Mobile,2925117,356,19,1,International,React,4.4,Yes,5,1,High
Embedded,2040048,259,20,3,International,Vue,1.2,Yes,3,1,Low
Embedded,3077372,364,4,3,International,Django,1.7,Yes,2,2,Low
Web,4920525,244,20,4,Local,Django,1.4,Yes,5,3,High
Desktop,2150549,212,6,0,Local,Angular,4.6,No,2,0,High
Web,2272885,339,8,0,International,Angular,4.8,Yes,1,3,High
Embedded,605105,126,13,4,International,Angular,1.1,Yes,2,2,Low
Desktop,4356795,186,16,4,Local,Django,4.6,No,1,0,Low
Mobile,738769,254,16,5,International,Django,3.5,No,4,1,Low
Web,1468148,279,5,3,International,Django,1.2,Yes,4,0,Low
Desktop,4178123,265,13,3,Local,Laravel,3.9,Yes,4,2,High
Embedded,1966037,314,6,3,International,Vue,1.3,No,2,0,Medium
Mobile,1680667,202,5,3,International,React,4.7,No,2,0,High
Web,4107287,281,3,5,Local,Angular,1.7,No,1,0,High
Embedded,2781501,249,8,0,Local,React,4.4,Yes,2,3,High
Desktop,3741638,317,4,0,Local,Django,3.5,Yes,5,1,High
Desktop,3456646,292,16,5,Local,Django,4.3,No,2,3,Medium
Embedded,3292013,96,13,1,Local,Angular,4.0,Yes,2,0,Low
Embedded,3778136,218,13,4,International,Vue,3.1,No,1,2,High
Desktop,1813309,52,15,5,Local,Angular,3.9,Yes,5,3,High
Web,3499893,300,8,5,International,Angular,1.2,No,4,2,High
Embedded,4369648,282,19,5,International,Django,2.3,Yes,1,1,Medium
Web,545083,218,11,5,Local,Angular,2.5,No,4,0,Medium
Desktop,2096304,263,3,5,International,Angular,2.7,No,1,3,Low
Mobile,4879422,336,13,2,International,Angular,3.1,Yes,1,0,Low
Web,1099453,214,14,2,International,Django,2.7,No,3,2,Low
Mobile,588586,303,6,5,Local,Vue,2.6,No,2,3,Low
Mobile,4627737,56,16,0,Local,React,2.8,No,1,2,High
Embedded,4513274,132,4,5,Local,React,4.9,No,1,2,High
Mobile,2127055,222,20,4,International,Django,3.9,No,3,3,Medium
Embedded,3030866,248,8,4,International,Angular,4.0,No,4,2,Low
Web,1905675,245,10,5,Local,Django,4.6,Yes,4,0,Medium
Embedded,2429217,295,4,4,Local,Angular,1.2,Yes,5,2,High
Embedded,3169368,108,18,4,International,React,4.6,Yes,4,2,High
Mobile,1329778,34,14,2,International,React,1.8,Yes,5,3,High
Embedded,2997550,88,13,2,Local,React,4.4,No,1,3,High
Web,850373,329,14,0,Local,Laravel,3.7,No,4,3,Low
Mobile,2467162,117,17,5,International,Angular,2.6,Yes,1,1,Medium
Desktop,4486478,327,11,4,Local,React,3.4,No,2,2,High
Mobile,2483612,64,4,3,International,Vue,1.6,Yes,1,3,Low
Web,4956831,122,13,2,Local,React,4.6,Yes,5,1,Medium
Mobile,4845334,299,14,0,International,Vue,1.2,No,4,2,Medium
Embedded,4262665,246,20,5,Local,Django,1.8,Yes,5,2,Medium
Web,1048009,42,14,3,Local,Laravel,1.5,No,3,2,Medium
Mobile,2815864,208,3,4,International,Laravel,3.7,Yes,2,1,High
Desktop,1842100,292,18,4,Local,Angular,2.5,No,3,0,Low
Embedded,2116901,92,10,0,International,Laravel,1.3,No,4,2,High
Mobile,1301686,216,6,2,Local,Django,3.8,No,2,3,Low
Embedded,4038174,242,14,0,International,Vue,3.9,No,2,3,High
Mobile,826491,138,14,5,Local,Angular,3.3,Yes,5,3,Low
Web,542713,69,10,4,International,Angular,2.5,No,2,3,Medium
Mobile,2845572,109,19,4,International,Laravel,1.0,Yes,4,3,Low
Desktop,645607,337,18,1,Local,Vue,4.5,No,1,3,Medium
Desktop,3041394,99,19,0,Local,Angular,3.8,No,3,2,High
Desktop,2219684,90,18,2,Local,Django,3.0,Yes,1,3,Low
Mobile,3024445,62,13,4,Local,React,3.1,Yes,5,0,High
Embedded,1502968,176,3,4,International,Vue,3.4,No,5,2,Medium
Embedded,1074088,42,19,0,Local,Django,4.4,No,2,3,Medium
Desktop,4655280,236,16,0,International,Vue,1.8,No,2,2,High
Web,3921609,125,3,4,Local,Laravel,4.7,No,2,1,Low
Desktop,2523237,195,19,3,Local,Django,3.6,No,1,3,High
Desktop,3153789,291,20,2,International,Angular,3.5,Yes,5,3,Medium
Desktop,1729157,309,17,0,Local,Django,3.7,Yes,5,1,Low
Web,2786579,266,7,2,International,React,3.1,No,2,1,Low
Web,660248,135,18,0,Local,Angular,3.0,Yes,2,3,Low
Embedded,3885938,241,13,3,Local,Laravel,4.3,No,5,0,Medium
Embedded,3653548,307,11,1,International,Angular,2.3,No,2,3,High
Embedded,4325931,168,15,0,International,Vue,1.6,Yes,2,1,Low
Embedded,2370310,55,13,3,Local,Vue,1.4,No,1,1,High
Web,1558401,315,11,1,Local,Angular,4.0,No,3,2,High
Embedded,3174658,277,16,3,International,Angular,2.6,Yes,4,2,Medium
Desktop,912782,216,4,5,International,Angular,2.1,No,5,3,High
Web,3017983,165,8,0,International,Laravel,1.0,No,4,0,Low
Desktop,2424581,348,19,5,Local,Django,2.2,Yes,5,0,Low
Desktop,4906637,259,5,3,International,Laravel,4.1,Yes,3,3,High
Embedded,1946830,80,13,5,International,Laravel,3.7,Yes,1,1,Medium
Web,3393449,187,13,1,Local,React,3.6,No,2,3,Low
Desktop,4279248,211,15,1,International,Angular,3.9,Yes,5,2,Medium
Desktop,3836877,33,17,1,International,Vue,3.2,Yes,5,1,Medium
Desktop,1523727,175,3,0,Local,Django,2.3,No,2,0,Low
Desktop,1129580,55,4,4,Local,Django,4.2,Yes,5,3,Medium
Embedded,662411,272,7,5,International,Django,4.1,No,4,3,Low
Desktop,1847843,151,18,1,Local,Vue,4.7,Yes,3,0,Medium
Web,4697215,151,11,4,Local,Laravel,4.9,No,1,1,Medium
Embedded,2100433,335,19,3,Local,React,4.8,Yes,2,3,High
Mobile,832708,204,5,1,Local,React,2.4,Yes,1,3,Low
Embedded,1195528,124,7,2,International,Vue,2.2,No,3,0,Low
Embedded,3101022,309,10,5,Local,Django,2.7,No,4,1,High
Embedded,4997559,106,12,3,International,Angular,3.5,Yes,1,3,High
Embedded,2161269,54,19,0,Local,React,1.5,Yes,5,2,Medium
Web,3129035,274,9,2,International,Vue,3.1,Yes,2,2,Low
Mobile,3003262,253,16,1,International,Angular,3.6,Yes,2,0,High
Embedded,922576,81,6,3,International,Angular,4.1,Yes,4,3,High
Embedded,3202797,53,6,0,International,Laravel,2.6,No,5,0,High
Embedded,2945975,109,7,0,International,Django,1.9,Yes,3,1,Medium
Desktop,1107404,117,15,2,International,Django,5.0,Yes,5,2,Medium
Web,1815979,356,14,0,Local,React,4.5,Yes,2,0,High
Embedded,802011,278,18,2,Local,React,2.5,No,3,3,High
Web,1155560,82,19,1,Local,React,2.9,No,2,2,Low
Web,885912,204,18,1,International,Django,3.4,No,5,1,High
Embedded,4602163,95,10,5,International,Angular,3.5,Yes,3,0,High
Embedded,3961669,171,18,2,Local,Django,4.0,Yes,4,0,High
Mobile,4869544,282,18,5,International,Django,1.1,Yes,5,0,Low
Mobile,2183414,350,8,2,International,Laravel,2.0,No,5,3,Medium
Web,1174528,179,8,2,Local,Laravel,1.5,Yes,4,0,Medium
Embedded,4252552,32,4,4,International,React,4.1,No,4,1,High
Embedded,4042504,241,16,0,Local,Angular,3.4,No,4,2,High
Embedded,1265719,168,16,2,Local,React,4.4,No,5,3,Low
Embedded,837382,200,18,5,International,React,2.0,Yes,1,1,Low
Web,2391359,294,14,1,International,Vue,2.1,No,4,2,Medium
Embedded,1759907,189,9,0,International,Angular,4.9,No,5,3,Low
Mobile,4242995,343,13,0,International,React,3.7,Yes,2,0,Low
Embedded,604927,74,20,0,International,Django,3.2,No,4,1,Low
Desktop,840638,53,17,3,International,Laravel,2.7,No,1,1,Medium
Web,3373744,354,20,2,International,Laravel,4.6,No,2,2,High
Desktop,2896476,201,17,2,Local,React,4.5,No,2,3,Medium
Desktop,3838576,271,10,3,International,React,3.6,Yes,2,3,High
Web,1549702,113,3,5,Local,Django,3.2,No,3,0,Low
Embedded,1020176,230,18,5,International,Django,3.2,Yes,1,2,Medium
Desktop,2187793,96,15,3,Local,React,3.0,No,3,1,Low
Mobile,3805310,60,6,2,International,React,4.7,Yes,2,3,Medium
Embedded,3242561,253,5,3,Local,Django,4.8,Yes,2,0,High
Web,3182681,301,9,2,Local,Django,2.2,Yes,2,2,High
Mobile,4733110,327,18,5,Local,Django,3.3,Yes,5,3,Low
Mobile,4708772,360,4,1,Local,Django,1.0,No,4,1,High
Web,1117772,345,11,0,International,Django,3.2,Yes,2,2,Medium
Embedded,861486,126,10,4,Local,Laravel,2.6,No,2,0,Medium
Web,1093472,283,9,5,Local,Laravel,3.6,Yes,4,3,Medium
Mobile,1646130,313,5,0,Local,Laravel,4.0,Yes,4,3,Low
Mobile,3278037,308,5,3,International,Django,1.2,Yes,3,2,Medium
Web,2748467,353,16,2,Local,React,3.8,Yes,3,3,High
Web,3964355,260,5,2,International,Laravel,4.9,Yes,2,3,Low
Desktop,4432179,122,16,5,International,React,2.3,Yes,1,1,High
Desktop,2000928,293,16,0,International,Laravel,2.3,No,2,0,High
Web,1815202,50,14,4,Local,Vue,1.7,No,3,2,Medium
Desktop,2386351,259,5,2,International,Laravel,3.1,Yes,3,1,Low
Mobile,2409622,358,9,0,Local,Vue,4.6,No,2,3,Low
Web,890238,55,17,3,International,React,4.7,Yes,2,3,Low
Desktop,867242,161,12,2,Local,React,2.2,No,4,3,Low
Web,3554340,197,8,4,International,Angular,1.2,No,3,1,High
Desktop,1002894,180,18,4,International,Vue,4.9,Yes,4,1,High
Web,564257,287,7,3,International,React,1.4,Yes,5,1,Low
Desktop,4215929,127,7,5,Local,Vue,2.0,Yes,3,3,Low
Embedded,533023,302,5,0,International,React,4.2,No,4,3,High
Web,3252831,127,11,4,International,Vue,4.1,No,1,1,Medium
Desktop,3234724,303,12,4,International,Angular,4.4,No,5,2,High
Web,4161249,116,7,5,International,Vue,3.1,Yes,5,3,Low
Mobile,1964729,162,12,5,Local,Laravel,2.2,No,3,2,Low
Desktop,1103325,256,14,4,Local,Angular,3.4,No,5,1,Medium
Mobile,560324,192,14,1,Local,Vue,2.0,Yes,4,2,High
Desktop,752323,106,15,1,Local,React,2.3,Yes,3,0,High
Mobile,2100625,325,8,3,International,React,4.0,No,1,2,Low
Mobile,3199534,60,8,4,International,Laravel,3.8,Yes,5,3,Low
Mobile,1808051,138,7,0,Local,Angular,3.6,No,4,3,Low
Embedded,4370281,333,11,0,International,Vue,2.9,Yes,4,2,Low
Embedded,4183493,339,20,5,Local,Angular,4.9,No,2,2,High
Desktop,1876992,32,12,3,Local,Angular,2.5,No,4,0,Low
Mobile,3066487,218,8,4,International,Laravel,2.3,Yes,2,2,Low
Desktop,2608977,296,19,3,International,Vue,3.3,Yes,1,0,Low
Mobile,4765914,359,18,2,Local,Angular,4.0,Yes,3,2,High
Embedded,2580198,265,17,3,International,Vue,2.1,No,4,2,Low
Desktop,1244792,287,4,4,Local,React,4.0,No,4,0,Medium
Mobile,1283224,242,14,1,International,Angular,2.4,Yes,2,3,Low
Web,1092430,343,16,5,International,Vue,3.5,Yes,1,2,Low
Web,4273754,251,4,5,International,Laravel,3.1,No,2,2,Medium
Web,3417192,274,9,3,International,Angular,1.2,Yes,1,1,Medium
Web,3613762,290,15,0,International,Django,1.5,No,1,2,Low
Desktop,2226866,172,20,2,International,Vue,2.8,No,4,0,Medium
Mobile,4384276,101,16,5,International,React,1.9,No,2,0,High
Desktop,1522859,152,14,2,Local,Django,4.5,Yes,4,0,High
Embedded,2435524,67,6,5,Local,Laravel,2.0,Yes,4,1,Medium
Embedded,3259695,172,12,5,Local,Vue,2.5,Yes,1,2,High
Embedded,2587873,292,8,2,International,Vue,3.6,Yes,2,2,Medium
Web,600163,245,20,1,Local,Laravel,3.4,Yes,4,2,Medium
Web,4347063,150,17,3,Local,Angular,3.2,No,3,3,Medium
Embedded,2529488,159,8,5,International,Angular,2.0,No,4,1,Low
Desktop,2398101,204,9,2,Local,React,2.0,No,5,0,Low
Embedded,4861437,46,19,1,International,React,3.3,Yes,4,1,High
Web,2506792,122,13,2,Local,Django,4.6,Yes,5,1,High
Web,1802447,70,6,4,International,Laravel,2.9,No,2,3,High
Web,2129696,193,6,1,International,React,1.0,Yes,1,1,Medium
Web,1724359,282,12,2,Local,Django,3.1,No,4,0,Low
Mobile,3016394,284,5,1,International,Laravel,3.9,Yes,3,0,Medium
Mobile,4806481,192,18,2,International,Django,4.1,No,2,3,High
Embedded,3618390,343,4,3,International,Angular,1.7,No,5,3,High
Desktop,1302123,34,3,4,Local,Laravel,5.0,Yes,1,1,Low
Mobile,1763069,291,19,3,Local,Vue,1.0,No,4,3,Medium
Web,1049667,234,13,2,International,Angular,1.6,Yes,3,3,High
Web,2800199,76,19,2,International,React,4.5,Yes,3,0,Medium
Desktop,746325,82,14,2,International,Django,4.1,No,5,3,Medium
Web,1224504,147,10,4,International,Django,1.4,No,3,1,Low
Web,4148185,166,15,0,Local,React,1.1,No,1,0,Medium
Embedded,3004828,52,5,4,International,Django,2.8,No,4,2,Medium
Mobile,4621298,182,16,0,International,Vue,3.9,Yes,1,3,Low
Mobile,4513994,333,9,0,International,Laravel,2.3,Yes,5,2,Medium
Web,4714787,193,9,0,International,Django,2.0,Yes,3,3,High
Mobile,4514058,204,12,2,Local,Angular,1.4,No,4,3,High
Mobile,4684805,356,3,5,International,React,2.3,Yes,4,1,Low
Mobile,2753197,210,10,1,Local,Django,3.7,No,5,2,High
Mobile,1591078,216,17,5,Local,Laravel,4.6,No,5,0,Medium
Web,2189113,240,20,0,Local,React,2.0,Yes,4,1,Medium
Web,2098335,56,9,1,Local,Django,1.5,Yes,4,0,Low
Embedded,2095577,148,15,4,Local,React,3.4,Yes,1,3,Low
Desktop,2304068,195,15,1,International,Angular,2.6,Yes,2,1,Medium
Mobile,4372878,344,18,3,International,Angular,2.1,No,4,1,Medium
Embedded,2328443,132,13,0,Local,Laravel,2.2,Yes,5,2,Low
Embedded,1204403,338,15,4,Local,Laravel,4.9,Yes,5,1,Low
Web,620826,179,18,5,International,React,4.2,Yes,1,0,High
Mobile,3795707,90,15,2,International,React,1.1,Yes,3,3,Low
Mobile,2016821,185,4,5,Local,Laravel,1.3,Yes,2,2,Low
Embedded,3102219,116,11,0,Local,Angular,4.1,Yes,4,2,Low
Mobile,3181402,275,13,4,Local,Vue,2.2,No,3,0,Medium
Mobile,3737983,345,9,0,Local,Django,1.5,No,4,3,Low
Embedded,1436986,73,17,4,International,Laravel,1.9,Yes,3,1,Low
Mobile,1034491,94,19,2,Local,Django,2.3,No,1,3,High
Embedded,4480648,51,16,2,Local,React,3.8,No,1,2,High
Embedded,1817783,69,12,0,Local,Laravel,3.9,No,2,2,Medium
Embedded,1568323,179,6,0,International,Vue,2.1,Yes,1,3,High
Mobile,4630705,350,4,2,Local,Vue,4.9,No,1,1,Low
Embedded,1397264,70,12,2,International,React,3.7,No,1,0,Medium
Web,653353,216,4,0,International,Django,3.9,No,3,1,Medium
Web,2830097,58,18,4,International,React,2.2,No,3,2,High
Web,1352424,119,19,2,Local,Angular,1.9,No,2,2,Low
Desktop,2085376,286,15,4,International,Django,2.0,No,5,2,High
Embedded,2415597,71,18,1,International,Vue,4.9,Yes,1,0,High
Web,4369155,280,19,4,International,Vue,4.8,No,4,1,Medium
Mobile,4857184,293,17,0,Local,Vue,4.7,No,3,1,Medium
Embedded,3948055,136,5,0,International,React,4.7,No,4,1,High
Embedded,1167855,267,19,4,Local,Vue,3.2,No,1,0,High
Web,3122719,290,11,1,International,Angular,3.7,Yes,2,0,Low
Web,3609907,276,12,0,Local,Vue,2.5,No,2,2,Medium
Desktop,984945,154,6,2,International,React,1.2,No,5,3,Medium
Embedded,3979759,62,10,2,International,Vue,2.1,Yes,4,3,Low
Mobile,1723759,278,3,3,International,Angular,4.2,Yes,4,3,High
Embedded,899790,48,9,5,Local,Vue,2.6,Yes,1,3,High
Web,1146031,142,10,1,Local,Laravel,1.3,No,1,1,Medium
Desktop,3147750,102,9,3,Local,Vue,1.1,Yes,2,3,Low
Embedded,3187030,313,18,4,Local,Angular,1.3,Yes,2,2,Low
Web,3285195,53,19,5,International,Django,4.8,No,5,3,Medium
Mobile,3956382,213,7,3,International,Vue,3.0,No,5,0,Medium
Mobile,2746117,30,3,5,Local,Django,1.7,No,5,0,High
Embedded,4597456,127,10,4,Local,React,1.2,No,3,0,High
Desktop,4916073,53,12,4,Local,Vue,2.6,No,3,1,Medium
Desktop,2806162,305,10,1,International,Laravel,3.8,No,5,3,Medium
Web,4573433,343,7,1,Local,React,1.3,No,4,2,High
Embedded,4035443,352,9,1,International,Django,1.8,Yes,4,3,Medium
Desktop,4265829,160,16,5,International,React,2.4,No,2,1,Low
Mobile,3355003,220,20,3,Local,Laravel,4.9,Yes,5,2,Medium
Desktop,4892417,195,8,5,International,Angular,3.3,No,3,1,High
Desktop,3865485,157,13,2,Local,Django,2.0,No,1,2,Medium
Embedded,917294,61,9,0,Local,Angular,4.6,No,2,2,Medium
Embedded,3086160,210,17,2,International,Vue,3.0,Yes,5,3,Medium
Mobile,532896,77,13,2,International,Django,3.6,No,4,0,Low
Embedded,4786599,170,5,3,Local,Laravel,4.3,No,4,2,Low
Mobile,2015984,349,7,0,International,Laravel,1.5,Yes,4,3,Low
Mobile,1739434,227,16,1,Local,React,3.3,Yes,2,0,Medium
Embedded,819961,79,15,4,Local,React,3.3,Yes,3,2,Low
Embedded,2845126,362,3,0,International,Angular,4.0,No,1,1,Medium
Desktop,694179,247,13,0,International,Django,2.9,Yes,1,3,Medium
Desktop,1874757,103,19,1,International,Django,2.5,Yes,4,0,Low
Mobile,2530192,291,15,1,International,Vue,3.2,Yes,1,3,Low
Mobile,4760851,327,5,1,Local,Laravel,2.4,Yes,2,2,Medium
Desktop,4869583,48,8,1,Local,React,1.1,Yes,3,0,Medium
Mobile,4994747,109,3,5,International,Django,2.1,Yes,2,3,High
Web,2877153,173,13,4,International,Laravel,4.4,No,2,0,High
Web,4201453,288,4,5,Local,React,2.1,Yes,2,3,High
Embedded,2459702,210,9,0,Local,Vue,4.3,No,5,1,Low
Mobile,3935865,219,19,2,Local,Vue,4.7,Yes,5,3,Medium
Mobile,850714,314,9,0,International,Vue,2.3,No,5,0,Low
Desktop,4878098,52,8,3,International,Laravel,4.2,Yes,1,2,Medium
Mobile,2422849,46,9,0,International,React,3.1,No,4,2,High
Embedded,3404863,147,7,2,Local,Laravel,3.6,No,3,0,Medium
Embedded,3335495,150,9,5,Local,Laravel,4.2,No,4,3,Low
Mobile,2350189,230,14,4,Local,Angular,3.8,Yes,3,1,Medium
Desktop,4632225,176,11,5,International,Angular,3.6,No,4,3,Low
Desktop,2081802,360,18,1,Local,Vue,1.6,No,1,3,High
Embedded,1385654,229,17,2,Local,Django,2.3,Yes,2,3,Medium
Mobile,4323712,110,15,1,Local,Vue,4.7,Yes,5,0,Medium
Embedded,4837275,288,19,0,International,Angular,1.3,No,1,0,High
Embedded,2249681,319,4,4,International,Vue,3.8,Yes,2,2,Medium
Mobile,3453965,311,20,2,International,Angular,2.2,No,5,1,Low
Mobile,2102741,172,8,4,Local,Angular,3.3,No,4,1,Medium
Desktop,1668716,135,5,4,International,React,4.5,Yes,3,2,Medium
Desktop,4985819,171,11,3,International,Vue,3.3,No,2,3,Medium
Web,3943010,240,7,3,International,Vue,2.4,Yes,5,2,High
Desktop,4344354,272,12,3,Local,Angular,4.0,Yes,3,0,High
Embedded,1810181,128,8,1,Local,React,5.0,No,1,2,High
Embedded,3801697,59,13,4,International,Django,4.0,Yes,5,0,Medium
Embedded,2275514,298,11,0,Local,React,4.6,Yes,2,1,Low
Web,4586452,249,3,2,International,Vue,3.4,Yes,3,0,Low
Mobile,1237018,276,13,5,International,React,4.9,Yes,5,0,High
Web,4672375,150,20,1,Local,Django,3.0,Yes,1,0,High
Desktop,1607163,363,5,2,Local,React,2.1,Yes,4,0,Medium
Desktop,3738699,84,9,5,International,Angular,1.1,Yes,4,3,Low
Mobile,4918400,364,6,4,Local,Django,2.5,No,2,2,Low
Embedded,3217293,342,5,0,Local,React,1.6,No,5,0,High
Web,4377885,362,3,4,Local,Laravel,1.6,Yes,1,3,Medium
Web,3636602,55,12,3,Local,Django,2.2,Yes,3,2,High
Embedded,680846,179,16,4,Local,Django,4.9,Yes,4,2,Low
Web,1169673,117,4,4,International,Django,4.2,Yes,4,0,Medium
Mobile,2922747,275,9,4,Local,Laravel,3.8,Yes,5,1,High
Embedded,1741444,138,8,3,Local,Django,4.3,Yes,2,0,High
Embedded,3698891,203,13,0,Local,Vue,4.1,No,4,2,High
Embedded,4688268,138,15,5,International,Django,3.4,No,5,0,Low
Mobile,3309853,290,4,5,Local,Vue,2.8,Yes,4,2,Low
Embedded,3895547,231,12,4,Local,React,2.9,No,3,3,Low
Web,1639284,228,14,5,International,React,4.9,Yes,4,1,Low
Web,4818037,203,17,4,International,React,3.9,Yes,4,1,Medium
Web,1516632,364,7,0,Local,Angular,4.8,No,2,3,High
Desktop,1782717,349,6,1,Local,React,1.8,No,1,0,Low
Mobile,4677085,174,7,5,International,React,4.3,Yes,3,3,High
Web,3911462,127,11,4,Local,Django,3.0,No,3,2,High
Web,4779701,262,3,0,International,React,4.3,No,3,3,Low
Embedded,1224423,201,4,3,Local,Vue,3.3,No,1,2,Medium
Mobile,3338736,284,14,0,International,Vue,3.8,No,1,3,Low
Embedded,2103104,329,7,3,International,Angular,2.6,Yes,2,1,Low
Desktop,3164459,214,20,4,Local,Angular,3.2,No,4,3,Medium
Embedded,594063,266,20,4,International,Django,3.0,Yes,2,1,Low
Embedded,3920193,65,13,4,Local,Django,2.5,No,1,1,Medium
Web,684571,110,12,1,Local,Angular,2.1,Yes,2,1,Low
Web,1514239,275,8,0,Local,Angular,2.1,Yes,5,0,Low
Web,2295781,312,19,2,Local,React,1.5,Yes,4,2,Medium
Desktop,1212242,274,3,5,Local,Laravel,1.8,No,1,3,High
Embedded,2242117,228,7,5,International,Vue,3.9,Yes,2,1,Low
Mobile,4306298,234,9,4,Local,Vue,2.1,No,2,1,Medium
Web,4525559,194,15,2,International,Laravel,1.3,No,5,3,Low
Web,1269346,292,12,5,Local,React,2.7,Yes,5,3,Medium
Embedded,726559,31,12,0,Local,Django,3.6,Yes,4,0,Medium
Embedded,1585543,104,7,4,Local,React,4.2,Yes,4,3,Low
Embedded,3960508,160,13,0,International,Django,2.5,Yes,2,0,High
Web,4962489,318,18,1,Local,Laravel,1.5,No,3,3,Medium
Mobile,2366630,280,12,1,International,Laravel,2.1,No,2,1,Medium
Embedded,3423892,291,11,1,Local,Vue,3.2,No,3,3,High
Embedded,3149945,110,16,0,Local,React,4.8,No,1,1,Medium
Web,1754692,194,9,3,Local,Vue,5.0,Yes,2,0,Low
Web,2755912,291,13,5,Local,Laravel,3.2,Yes,1,3,Low
Mobile,2666328,181,3,1,Local,Laravel,3.3,Yes,2,0,Low
Desktop,2191878,81,18,0,International,React,4.2,No,5,1,Low
Desktop,1033013,264,8,5,Local,Angular,1.2,Yes,4,3,Low
Mobile,3812097,101,19,5,International,Django,2.4,Yes,4,1,High
Web,2283478,106,17,0,Local,React,4.6,Yes,3,3,Medium
Embedded,2223345,353,11,0,International,React,2.2,No,5,2,High
Desktop,3243880,54,13,4,Local,Laravel,4.2,No,2,2,Medium
Desktop,1458079,194,4,5,Local,Django,4.6,Yes,5,2,Low
Desktop,1517570,292,11,5,Local,Vue,4.6,No,3,2,Low
Embedded,4692376,114,18,2,International,React,4.0,Yes,1,0,Low
Desktop,3774989,51,18,0,Local,Django,1.4,Yes,4,3,Low
Mobile,4112067,82,5,5,Local,React,3.1,No,4,3,Low
Desktop,672618,254,10,1,International,Laravel,2.8,No,1,2,Medium
Mobile,3258918,340,4,1,Local,Django,2.6,No,3,1,Medium
Embedded,1321417,342,8,2,Local,Angular,2.6,No,1,1,Medium
Web,941058,129,8,0,International,Vue,2.1,Yes,1,3,Low
Mobile,3747093,78,11,5,Local,React,2.4,No,3,0,Low
Web,3354855,126,20,2,Local,Angular,2.3,Yes,1,2,Medium
Web,4296338,306,20,0,International,Django,1.0,No,4,0,Medium
Mobile,4446736,36,17,2,Local,Django,4.0,Yes,3,1,Low
Web,2601340,303,4,4,Local,Angular,3.7,No,2,1,High
Web,4905847,331,4,1,Local,Vue,1.5,No,1,2,Medium
Mobile,2679678,206,17,2,International,Angular,1.1,Yes,4,2,High
Web,2187043,203,17,4,International,Vue,2.6,Yes,4,0,High
Embedded,4919636,280,11,4,International,Laravel,1.6,No,3,3,Low
Mobile,2405825,41,13,2,Local,Vue,3.5,Yes,5,3,High
Desktop,579404,320,6,1,International,Django,4.8,No,2,0,Medium
Embedded,2014031,278,17,5,Local,Angular,3.5,Yes,4,2,Low
Web,3304965,258,18,1,Local,Django,3.1,Yes,2,3,Low
Web,3761178,252,10,2,International,Vue,4.5,No,3,3,Medium
Mobile,1260699,135,10,4,International,Laravel,1.8,Yes,4,2,Low
Embedded,2889208,139,19,4,Local,Vue,4.0,No,4,0,Medium
Web,3864441,317,20,4,International,Vue,1.1,No,3,0,Low
Desktop,3642809,293,11,0,International,Angular,1.8,Yes,5,3,Medium
Mobile,3229791,323,8,1,Local,Laravel,3.8,Yes,2,0,High
Embedded,3811716,261,3,0,International,Laravel,4.5,No,1,0,High
Web,3623777,287,17,3,International,Laravel,1.4,Yes,5,1,High
Mobile,855234,80,12,0,Local,Django,1.6,Yes,1,2,High
Web,3220651,52,18,2,Local,Vue,4.0,Yes,5,1,Low
Mobile,3800136,287,15,4,Local,Django,2.0,No,5,3,Low
Mobile,1930962,75,17,2,Local,Angular,2.8,Yes,3,1,Low
Desktop,2098279,280,20,5,International,Vue,3.9,No,1,1,High
Desktop,2575880,156,6,3,Local,Django,4.3,Yes,2,0,High
Embedded,2938915,239,10,5,Local,Laravel,4.9,No,4,3,Low
Desktop,707500,350,12,1,Local,React,3.3,Yes,4,2,High
Web,506596,334,17,2,Local,Django,1.2,No,1,2,High
Mobile,4283053,362,8,0,Local,Django,2.8,No,3,2,Low
Web,2826273,271,12,0,Local,Laravel,1.0,No,2,1,Medium
Embedded,857744,226,12,2,International,Laravel,1.2,Yes,3,3,Low
Embedded,3858235,238,7,1,International,Laravel,1.2,No,3,3,Low
Desktop,960163,276,20,5,International,Laravel,2.0,Yes,4,3,High
Mobile,4893670,260,17,0,Local,Angular,4.0,No,3,1,High
Mobile,3339123,144,13,0,International,Angular,4.7,No,5,2,Medium
Web,2592643,140,20,1,Local,Vue,1.7,No,4,1,Medium
Mobile,3641944,77,6,4,International,Angular,4.2,Yes,5,2,Medium
Embedded,762267,105,4,1,Local,Django,1.6,No,1,2,Low
Desktop,3845742,169,17,4,International,Vue,2.8,Yes,2,2,Low
Desktop,2347034,313,19,0,International,Vue,4.8,Yes,4,2,Medium
Embedded,4298887,223,7,3,International,Vue,2.8,Yes,3,0,High
Desktop,565358,185,17,2,Local,Vue,1.8,No,5,2,Low
Embedded,3229426,75,15,0,Local,Laravel,2.0,Yes,4,3,Low
Mobile,4335898,339,13,4,Local,Django,2.1,Yes,2,2,High
Embedded,1675530,294,13,5,Local,Laravel,3.7,No,1,3,Low
Desktop,2980986,106,14,4,Local,Laravel,4.0,No,3,3,High
Mobile,1453113,230,19,3,Local,Vue,3.2,Yes,2,3,High
Embedded,994908,289,20,0,International,React,2.4,Yes,4,1,High
Embedded,4378295,70,5,1,Local,React,1.6,No,4,2,Medium
Web,4795081,175,3,0,Local,Vue,1.9,No,3,0,Low
Desktop,4218026,213,9,1,International,Django,4.8,No,4,2,Low
Embedded,1380455,233,3,3,International,Laravel,4.5,Yes,4,3,Low
Mobile,2932711,238,20,1,International,Django,1.6,Yes,1,0,Medium
Desktop,4832965,94,5,5,Local,Vue,2.5,No,2,3,High
Web,1269880,198,14,3,International,React,3.1,No,5,2,Low
Web,1813079,30,7,5,Local,Angular,4.9,Yes,3,2,High
Web,1868724,339,20,3,International,React,4.6,Yes,4,3,Medium
Mobile,1954648,285,15,1,Local,Vue,3.0,No,3,0,High
Web,4719357,121,3,3,International,Django,2.9,No,1,2,High
Embedded,678814,308,20,5,Local,Laravel,2.8,Yes,3,3,Medium
Mobile,4039736,193,9,2,Local,Vue,3.5,No,3,2,Low
Desktop,3020023,110,14,1,International,Vue,1.3,No,3,2,Medium
Desktop,3023981,324,10,4,Local,Vue,2.7,Yes,1,1,Low
Embedded,4244745,136,15,5,Local,Django,2.5,Yes,3,3,Medium
Web,1137782,159,6,4,Local,Angular,4.7,No,2,3,Low
Desktop,1068260,201,5,1,International,Laravel,2.7,Yes,1,3,Low
Desktop,2894660,237,20,2,International,Laravel,1.5,No,3,3,Low
Web,4194296,217,4,0,Local,React,3.4,Yes,2,1,High
Embedded,2289537,271,12,3,International,Vue,2.5,No,5,2,High
Web,1156198,289,18,4,Local,Angular,1.5,No,5,2,High
Web,3840534,110,13,0,Local,Laravel,2.3,No,2,0,Low
Mobile,2652868,170,11,1,Local,Django,1.7,No,5,2,High
Embedded,3317201,213,9,0,Local,React,4.3,Yes,3,0,Medium
Desktop,540872,197,6,2,International,Laravel,3.0,Yes,2,1,Medium
Mobile,3375041,265,18,4,International,Angular,3.3,No,2,0,Low
Mobile,4703360,354,10,5,International,Laravel,1.4,No,5,0,Medium
Mobile,3731485,250,15,2,Local,React,1.7,No,4,3,Medium
Desktop,846978,86,20,1,Local,Django,4.0,Yes,2,1,High
Embedded,905428,278,4,2,Local,React,3.5,No,2,3,Low
Web,2672768,77,17,4,Local,React,4.0,No,4,3,Low
Mobile,1011737,121,5,1,International,Django,2.0,No,3,1,Medium
Desktop,2994758,146,3,1,Local,React,3.3,Yes,2,1,Low
Mobile,4883743,43,11,2,International,Django,4.0,No,5,3,Medium
Mobile,3015030,97,8,2,International,Django,4.7,No,2,1,High
Mobile,2652461,53,11,0,Local,Vue,3.3,Yes,4,3,Low
Embedded,1606141,96,8,1,Local,Laravel,4.2,No,4,1,High
Mobile,2156135,82,7,4,International,Vue,2.8,No,3,0,High
Embedded,2959843,132,8,3,International,Django,4.8,No,4,0,Low
Web,3359613,138,4,3,International,Django,3.8,No,5,3,Low
Web,2054541,226,13,0,Local,Django,1.5,No,4,0,Medium
Web,557821,211,15,4,International,Laravel,3.3,Yes,2,1,High
Embedded,3090682,363,11,5,Local,React,2.3,Yes,3,3,High
Mobile,4833614,164,16,3,International,Angular,4.1,Yes,4,3,Low
Embedded,4533305,311,11,5,Local,Angular,4.4,Yes,3,2,Medium
Embedded,4890340,315,5,2,International,React,2.4,Yes,4,0,Medium
Mobile,2797421,247,10,0,International,React,2.9,No,1,2,High
Web,4898305,168,10,2,Local,Angular,1.8,Yes,5,0,Medium
Embedded,4428358,150,6,1,International,Vue,2.0,No,3,3,Low
Desktop,673761,311,6,0,Local,Angular,4.9,Yes,3,1,Low
Mobile,1014037,73,20,1,Local,Django,3.1,Yes,5,2,Medium
Web,2390351,196,10,1,International,Angular,1.8,Yes,2,3,High
Desktop,4392767,347,15,3,Local,Vue,2.8,No,3,0,Low
Web,4510160,39,3,2,Local,React,4.7,Yes,4,0,High
Web,3983127,67,4,5,Local,Angular,4.9,Yes,5,3,Low
Web,4407518,306,3,5,International,Vue,3.2,Yes,3,3,Low
Mobile,1202608,158,3,0,International,Angular,4.8,Yes,4,3,Low
Embedded,4059821,194,12,0,International,Vue,2.4,No,1,0,Medium
Embedded,917028,204,14,0,International,Angular,3.0,No,3,0,High
Embedded,1989445,261,3,0,International,Angular,3.7,Yes,4,3,Low
Mobile,4094514,224,18,4,Local,Laravel,3.2,Yes,3,1,High
Mobile,3213933,181,14,2,International,React,2.7,No,2,0,High
Embedded,3514912,355,6,0,International,Vue,4.8,No,1,0,High
Web,828160,129,5,3,International,Vue,3.7,Yes,4,3,Medium
Mobile,3157875,61,12,1,Local,Vue,1.9,No,4,3,High
Embedded,3969073,358,5,1,International,Angular,2.1,No,2,0,Medium
Desktop,4524146,96,7,0,International,Laravel,2.6,No,4,2,High
Desktop,981085,137,5,1,Local,Vue,3.3,Yes,2,1,Medium
Mobile,3868861,67,14,5,International,Vue,4.2,No,3,1,Low
Embedded,4598750,298,17,0,International,Angular,3.6,Yes,3,3,Medium
Web,1097591,255,19,2,Local,Django,2.4,Yes,3,0,Medium
Desktop,3206548,262,9,1,International,Laravel,1.4,Yes,1,1,High
Desktop,3344701,201,7,5,Local,Laravel,3.3,No,5,0,High
Mobile,1140414,263,20,2,International,React,4.6,Yes,5,1,High
Desktop,4120416,63,13,2,Local,Django,1.5,No,3,2,High
Web,2461545,134,8,4,Local,Laravel,2.6,No,1,3,Medium
Web,1842447,33,10,4,Local,Vue,2.9,Yes,5,0,Medium
Desktop,1821961,156,16,4,International,Vue,5.0,No,1,2,Medium
Web,2042199,294,11,3,Local,Django,3.4,Yes,2,1,High
Desktop,3294934,170,10,0,International,Django,3.1,Yes,1,1,High
Desktop,3165158,167,17,4,Local,Laravel,2.1,No,2,0,Medium
Mobile,907197,115,10,5,International,React,2.0,No,2,0,High
Web,3253603,151,3,3,International,Vue,3.1,No,1,3,Medium
Desktop,2451042,103,4,3,Local,Vue,1.8,No,2,3,High
Desktop,2340382,360,6,0,International,Angular,1.8,No,1,0,Low
Mobile,3326330,87,18,1,International,Django,2.4,Yes,4,0,Medium
Web,3168631,221,17,4,Local,Angular,1.7,Yes,5,1,Low
Embedded,717565,329,15,2,International,React,1.5,Yes,4,1,High
Mobile,1517207,281,20,4,Local,Django,3.6,Yes,4,0,High
Desktop,697283,63,17,2,Local,Angular,4.4,No,3,0,Low
Mobile,4726958,108,13,0,Local,Angular,4.8,Yes,2,1,High
Embedded,3548971,174,7,4,International,Django,1.3,Yes,2,2,High
Desktop,981570,172,12,3,Local,Angular,1.0,Yes,3,3,Low
Web,1787017,146,4,1,International,Vue,3.4,No,5,2,High
Mobile,2842202,237,8,1,International,Django,1.6,No,5,0,Low
Mobile,1748923,82,10,5,International,React,4.9,Yes,1,0,High
Mobile,3238492,335,10,3,Local,Vue,1.3,Yes,4,2,High
Web,4417296,54,10,2,Local,Angular,2.5,Yes,4,0,High
Mobile,2248572,48,16,4,International,Laravel,2.9,No,5,1,Low
Embedded,1253180,287,8,5,International,React,2.4,No,1,2,High
Embedded,3415455,298,7,1,International,Laravel,3.9,Yes,1,1,Medium
Web,1924557,247,4,2,Local,React,1.7,Yes,3,0,Low
Web,4934816,210,15,1,International,Laravel,1.0,Yes,4,2,High
Mobile,1502040,280,16,0,Local,React,2.5,Yes,4,0,High
Embedded,2005271,269,7,4,Local,Angular,2.5,Yes,5,2,High
Desktop,2569115,160,11,1,International,Laravel,3.9,Yes,4,1,Low
Embedded,2416418,117,9,1,International,React,4.6,Yes,1,0,Medium
Embedded,4032083,279,13,3,Local,React,2.1,Yes,1,1,High
Embedded,2435254,92,3,5,Local,Django,2.2,No,4,3,Medium
Desktop,1422302,135,9,3,International,Vue,3.9,No,4,0,High
Embedded,3141435,344,5,2,Local,Vue,3.6,Yes,1,3,Medium
Desktop,787527,128,8,4,Local,React,4.9,Yes,2,0,Medium
Web,3656716,249,19,5,Local,Laravel,4.0,Yes,5,2,Low
Desktop,3541408,169,14,5,International,Django,2.7,No,2,0,High
Web,4512485,212,20,5,International,Django,4.0,Yes,1,3,Medium
Embedded,1635720,189,13,2,Local,React,2.7,Yes,1,2,Medium
Web,2056813,347,10,4,International,Vue,2.4,No,3,2,High
Mobile,2118477,76,10,2,International,Laravel,3.4,Yes,1,0,Medium
Embedded,3231528,75,13,5,Local,React,3.2,Yes,2,1,High
Web,2828478,301,9,4,International,Django,2.2,No,5,0,Medium
Web,2279602,174,9,3,International,Vue,3.0,No,1,1,Medium
Mobile,2281868,328,5,4,International,Laravel,1.7,No,1,2,High
Mobile,3146697,217,4,1,Local,React,2.6,Yes,4,1,Medium
Desktop,3022783,137,13,0,Local,Angular,1.8,No,1,1,High
Web,2511699,198,12,5,International,Laravel,1.4,Yes,3,3,Low
Desktop,4692797,325,16,5,Local,Vue,4.6,Yes,3,2,Medium
Mobile,2426929,195,7,2,International,Vue,2.8,Yes,4,3,Low
Web,3656859,160,17,3,International,Angular,2.5,No,4,1,Medium
Embedded,2267998,64,14,4,International,Vue,4.3,No,3,1,High
